item_class,item_class_href,source_group,name,level,generation_type,families,drop_chance,text,tags,fossil_tags,spawn_tags,adds_tags,code,type,is_perfect,hover
Bows,Bows,normal,of the Mongoose,1,2,Dexterity,1000,+(5 - 8) to Dexterity,Attribute,attribute,ring|amulet|gloves|quiver|dex_armour|dex_int_armour|str_dex_armour|str_dex_int_armour|sword|spear|claw|warstaff|dagger|bow|crossbow|trap|default,,,,,https://cdn.poe2db.tw/cache2/us/Poe_Data_Mods_hover/5b53461dbda5dff12180cbe914b1095d14de10bb5ee5aa926fdb2e2dafe741bf
Bows,Bows,normal,of the Lynx,11,2,Dexterity,1000,+(9 - 12) to Dexterity,Attribute,attribute,ring|amulet|gloves|quiver|dex_armour|dex_int_armour|str_dex_armour|str_dex_int_armour|sword|spear|claw|warstaff|dagger|bow|crossbow|trap|default,,,,,https://cdn.poe2db.tw/cache2/us/Poe_Data_Mods_hover/89ae5f04407013b3eda50b78ed1699921e164197483151dc4a9ebcac4330ed08
Bows,Bows,normal,of the Fox,22,2,Dexterity,1000,+(13 - 16) to Dexterity,Attribute,attribute,ring|amulet|gloves|quiver|dex_armour|dex_int_armour|str_dex_armour|str_dex_int_armour|sword|spear|claw|warstaff|dagger|bow|crossbow|trap|default,,,,,?s=Data%5CMods%2FDexterity3
Bows,Bows,normal,of the Falcon,33,2,Dexterity,1000,+(17 - 20) to Dexterity,Attribute,attribute,ring|amulet|gloves|quiver|dex_armour|dex_int_armour|str_dex_armour|str_dex_int_armour|sword|spear|claw|warstaff|dagger|bow|crossbow|trap|default,,,,,?s=Data%5CMods%2FDexterity4
Bows,Bows,normal,of the Panther,44,2,Dexterity,1000,+(21 - 24) to Dexterity,Attribute,attribute,ring|amulet|gloves|quiver|dex_armour|dex_int_armour|str_dex_armour|str_dex_int_armour|sword|spear|claw|warstaff|dagger|bow|crossbow|trap|default,,,,,?s=Data%5CMods%2FDexterity5
Bows,Bows,normal,of the Leopard,55,2,Dexterity,1000,+(25 - 27) to Dexterity,Attribute,attribute,ring|amulet|gloves|quiver|dex_armour|dex_int_armour|str_dex_armour|str_dex_int_armour|sword|spear|claw|warstaff|dagger|bow|crossbow|trap|default,,,,,?s=Data%5CMods%2FDexterity6
Bows,Bows,normal,of the Jaguar,66,2,Dexterity,1000,+(28 - 30) to Dexterity,Attribute,attribute,ring|amulet|gloves|quiver|dex_armour|dex_int_armour|str_dex_armour|str_dex_int_armour|sword|spear|claw|warstaff|dagger|bow|crossbow|trap|default,,,,,?s=Data%5CMods%2FDexterity7
Bows,Bows,normal,of the Phantom,74,2,Dexterity,1000,+(31 - 33) to Dexterity,Attribute,attribute,ring|amulet|gloves|quiver|dex_armour|dex_int_armour|str_dex_armour|str_dex_int_armour|sword|spear|claw|warstaff|dagger|bow|crossbow|trap|default,,,,,?s=Data%5CMods%2FDexterity8
Bows,Bows,normal,of the Worthy,24,2,LocalAttributeRequirements,1000,15 % reduced Attribute Requirements,,,weapon|wand|staff|sceptre|body_armour|helmet|shield|focus|gloves|boots|default,,,,,?s=Data%5CMods%2FReducedLocalAttributeRequirements1
Bows,Bows,normal,of the Apt,32,2,LocalAttributeRequirements,1000,20 % reduced Attribute Requirements,,,weapon|wand|staff|sceptre|body_armour|helmet|shield|focus|gloves|boots|default,,,,,?s=Data%5CMods%2FReducedLocalAttributeRequirements2
Bows,Bows,normal,of the Talented,40,2,LocalAttributeRequirements,1000,25 % reduced Attribute Requirements,,,weapon|wand|staff|sceptre|body_armour|helmet|shield|focus|gloves|boots|default,,,,,?s=Data%5CMods%2FReducedLocalAttributeRequirements3
Bows,Bows,normal,of the Skilled,52,2,LocalAttributeRequirements,1000,30 % reduced Attribute Requirements,,,weapon|wand|staff|sceptre|body_armour|helmet|shield|focus|gloves|boots|default,,,,,?s=Data%5CMods%2FReducedLocalAttributeRequirements4
Bows,Bows,normal,of the Proficient,60,2,LocalAttributeRequirements,1000,35 % reduced Attribute Requirements,,,weapon|wand|staff|sceptre|body_armour|helmet|shield|focus|gloves|boots|default,,,,,?s=Data%5CMods%2FReducedLocalAttributeRequirements5
Bows,Bows,normal,Glinting,1,1,PhysicalDamage,1000,Adds (1 - 2) to (4 - 5) Physical Damage,Damage|Physical|Attack,physical_damage|damage|physical|attack,bow|one_hand_weapon|default,,,,,?s=Data%5CMods%2FLocalAddedPhysicalDamage1
Bows,Bows,normal,Burnished,8,1,PhysicalDamage,1000,Adds (4 - 6) to (7 - 11) Physical Damage,Damage|Physical|Attack,physical_damage|damage|physical|attack,bow|one_hand_weapon|default,,,,,https://cdn.poe2db.tw/cache2/us/Poe_Data_Mods_hover/ac05c2c8fd8f355639a149d855a0063117522f570a29eec8f839cd451e2bdf5f
Bows,Bows,normal,Polished,16,1,PhysicalDamage,1000,Adds (6 - 9) to (11 - 16) Physical Damage,Damage|Physical|Attack,physical_damage|damage|physical|attack,bow|one_hand_weapon|default,,,,,?s=Data%5CMods%2FLocalAddedPhysicalDamage3
Bows,Bows,normal,Honed,33,1,PhysicalDamage,1000,Adds (8 - 12) to (14 - 21) Physical Damage,Damage|Physical|Attack,physical_damage|damage|physical|attack,bow|one_hand_weapon|default,,,,,https://cdn.poe2db.tw/cache2/us/Poe_Data_Mods_hover/efaff616a6925c9d0e335d38446151af79ceca151d444090a8c2346e4b1f02d4
Bows,Bows,normal,Gleaming,46,1,PhysicalDamage,1000,Adds (10 - 15) to (18 - 26) Physical Damage,Damage|Physical|Attack,physical_damage|damage|physical|attack,bow|one_hand_weapon|default,,,,,https://cdn.poe2db.tw/cache2/us/Poe_Data_Mods_hover/f72ffbbf590cacc73d738da01fcd16a366712ef1b36d05a56ab18bd7b2d559eb
Bows,Bows,normal,Annealed,54,1,PhysicalDamage,600,Adds (13 - 20) to (23 - 35) Physical Damage,Damage|Physical|Attack,physical_damage|damage|physical|attack,bow|one_hand_weapon|default,,,,,https://cdn.poe2db.tw/cache2/us/Poe_Data_Mods_hover/78c928b639d06b273543232034155079252bdb2c154b5972a7e8f01ab07f7726
Bows,Bows,normal,Razor-sharp,60,1,PhysicalDamage,400,Adds (16 - 24) to (28 - 42) Physical Damage,Damage|Physical|Attack,physical_damage|damage|physical|attack,bow|one_hand_weapon|default,,,,,https://cdn.poe2db.tw/cache2/us/Poe_Data_Mods_hover/8244c684f07884bb787b683f89df5e15336cc5d7d876fed86dfe26b4886f536e
Bows,Bows,normal,Tempered,65,1,PhysicalDamage,200,Adds (21 - 31) to (36 - 53) Physical Damage,Damage|Physical|Attack,physical_damage|damage|physical|attack,bow|one_hand_weapon|default,,,,,https://cdn.poe2db.tw/cache2/us/Poe_Data_Mods_hover/bb8be55e901ed0e531649ba9879370877ef0300d682185ec8fdd2066cbdb8c99
Bows,Bows,normal,Flaring,75,1,PhysicalDamage,100,Adds (26 - 39) to (44 - 66) Physical Damage,Damage|Physical|Attack,physical_damage|damage|physical|attack,bow|one_hand_weapon|default,,,,,https://cdn.poe2db.tw/cache2/us/Poe_Data_Mods_hover/a76608fa5e8d77fa571f8b865b1b16513c068c4e2a19e717a389929316990f23
Bows,Bows,normal,Heated,1,1,FireDamage,800,Adds (1 - 2) to (3 - 5) Fire Damage,Damage|Elemental|Fire|Attack,elemental_damage|damage|elemental|fire|attack,bow|two_hand_weapon|sword|axe|mace|spear|claw|dagger|flail|default,,,,,?s=Data%5CMods%2FLocalAddedFireDamage1
Bows,Bows,normal,Smouldering,8,1,FireDamage,800,Adds (4 - 6) to (7 - 10) Fire Damage,Damage|Elemental|Fire|Attack,elemental_damage|damage|elemental|fire|attack,bow|two_hand_weapon|sword|axe|mace|spear|claw|dagger|flail|default,,,,,https://cdn.poe2db.tw/cache2/us/Poe_Data_Mods_hover/46d4560fda0beeecf983747882b72191e64054c235508cb7edf521be7fe5fbc0
Bows,Bows,normal,Smoking,16,1,FireDamage,800,Adds (7 - 11) to (13 - 19) Fire Damage,Damage|Elemental|Fire|Attack,elemental_damage|damage|elemental|fire|attack,bow|two_hand_weapon|sword|axe|mace|spear|claw|dagger|flail|default,,,,,?s=Data%5CMods%2FLocalAddedFireDamage3
Bows,Bows,normal,Burning,33,1,FireDamage,800,Adds (13 - 19) to (21 - 29) Fire Damage,Damage|Elemental|Fire|Attack,elemental_damage|damage|elemental|fire|attack,bow|two_hand_weapon|sword|axe|mace|spear|claw|dagger|flail|default,,,,,?s=Data%5CMods%2FLocalAddedFireDamage4
Bows,Bows,normal,Flaming,46,1,FireDamage,800,Adds (20 - 24) to (32 - 37) Fire Damage,Damage|Elemental|Fire|Attack,elemental_damage|damage|elemental|fire|attack,bow|two_hand_weapon|sword|axe|mace|spear|claw|dagger|flail|default,,,,,?s=Data%5CMods%2FLocalAddedFireDamage5
Bows,Bows,normal,Scorching,54,1,FireDamage,800,Adds (25 - 33) to (38 - 54) Fire Damage,Damage|Elemental|Fire|Attack,elemental_damage|damage|elemental|fire|attack,bow|two_hand_weapon|sword|axe|mace|spear|claw|dagger|flail|default,,,,,?s=Data%5CMods%2FLocalAddedFireDamage6
Bows,Bows,normal,Incinerating,60,1,FireDamage,480,Adds (35 - 44) to (56 - 71) Fire Damage,Damage|Elemental|Fire|Attack,elemental_damage|damage|elemental|fire|attack,bow|two_hand_weapon|sword|axe|mace|spear|claw|dagger|flail|default,,,,,?s=Data%5CMods%2FLocalAddedFireDamage7
Bows,Bows,normal,Blasting,65,1,FireDamage,320,Adds (47 - 59) to (74 - 97) Fire Damage,Damage|Elemental|Fire|Attack,elemental_damage|damage|elemental|fire|attack,bow|two_hand_weapon|sword|axe|mace|spear|claw|dagger|flail|default,,,,,?s=Data%5CMods%2FLocalAddedFireDamage8
Bows,Bows,normal,Cremating,75,1,FireDamage,200,Adds (62 - 85) to (101 - 129) Fire Damage,Damage|Elemental|Fire|Attack,elemental_damage|damage|elemental|fire|attack,bow|two_hand_weapon|sword|axe|mace|spear|claw|dagger|flail|default,,,,,https://cdn.poe2db.tw/cache2/us/Poe_Data_Mods_hover/d975e48af29c3cd4f5bb857ca27664e84b30dc2c9df6b9965facdffdedaf384c
Bows,Bows,normal,Carbonising,81,1,FireDamage,80,Adds (88 - 101) to (133 - 154) Fire Damage,Damage|Elemental|Fire|Attack,elemental_damage|damage|elemental|fire|attack,bow|two_hand_weapon|sword|axe|mace|spear|claw|dagger|flail|default,,,,,?s=Data%5CMods%2FLocalAddedFireDamage10_
Bows,Bows,normal,Frosted,1,1,ColdDamage,800,Adds (1 - 2) to (3 - 4) Cold Damage,Damage|Elemental|Cold|Attack,elemental_damage|damage|elemental|cold|attack,bow|two_hand_weapon|sword|axe|mace|spear|claw|dagger|flail|default,,,,,https://cdn.poe2db.tw/cache2/us/Poe_Data_Mods_hover/536eff72a816457c128f49ec8820c4062286cdede5fcc1fc085591e67f378e77
Bows,Bows,normal,Chilled,8,1,ColdDamage,800,Adds (3 - 5) to (6 - 9) Cold Damage,Damage|Elemental|Cold|Attack,elemental_damage|damage|elemental|cold|attack,bow|two_hand_weapon|sword|axe|mace|spear|claw|dagger|flail|default,,,,,https://cdn.poe2db.tw/cache2/us/Poe_Data_Mods_hover/69d07e804843e410e74d840987e4cbb17b2a752db7d93b3d417418b873df5d5f
Bows,Bows,normal,Icy,16,1,ColdDamage,800,Adds (6 - 9) to (10 - 16) Cold Damage,Damage|Elemental|Cold|Attack,elemental_damage|damage|elemental|cold|attack,bow|two_hand_weapon|sword|axe|mace|spear|claw|dagger|flail|default,,,,,https://cdn.poe2db.tw/cache2/us/Poe_Data_Mods_hover/23889d4957390151bb090634df81f766beb89954252300592574a934bb5067a0
Bows,Bows,normal,Frigid,33,1,ColdDamage,800,Adds (11 - 15) to (17 - 24) Cold Damage,Damage|Elemental|Cold|Attack,elemental_damage|damage|elemental|cold|attack,bow|two_hand_weapon|sword|axe|mace|spear|claw|dagger|flail|default,,,,,https://cdn.poe2db.tw/cache2/us/Poe_Data_Mods_hover/52f1f9a7080e1cc13a33e8ce3e5e500ce971172e1b8d862624e8be0ee2a14817
Bows,Bows,normal,Freezing,46,1,ColdDamage,800,Adds (17 - 20) to (26 - 32) Cold Damage,Damage|Elemental|Cold|Attack,elemental_damage|damage|elemental|cold|attack,bow|two_hand_weapon|sword|axe|mace|spear|claw|dagger|flail|default,,,,,https://cdn.poe2db.tw/cache2/us/Poe_Data_Mods_hover/2b69e460f5e1980d6fca8d93f0d9dd098a8867cfadfd19a6c496b9423489d531
Bows,Bows,normal,Frozen,54,1,ColdDamage,800,Adds (22 - 29) to (34 - 44) Cold Damage,Damage|Elemental|Cold|Attack,elemental_damage|damage|elemental|cold|attack,bow|two_hand_weapon|sword|axe|mace|spear|claw|dagger|flail|default,,,,,https://cdn.poe2db.tw/cache2/us/Poe_Data_Mods_hover/e026a251998651b8c7c5c35893478706f4981d3706363a6dbe9f8aebdf25dca0
Bows,Bows,normal,Glaciated,60,1,ColdDamage,480,Adds (31 - 38) to (47 - 59) Cold Damage,Damage|Elemental|Cold|Attack,elemental_damage|damage|elemental|cold|attack,bow|two_hand_weapon|sword|axe|mace|spear|claw|dagger|flail|default,,,,,?s=Data%5CMods%2FLocalAddedColdDamage7
Bows,Bows,normal,Polar,65,1,ColdDamage,320,Adds (40 - 53) to (62 - 80) Cold Damage,Damage|Elemental|Cold|Attack,elemental_damage|damage|elemental|cold|attack,bow|two_hand_weapon|sword|axe|mace|spear|claw|dagger|flail|default,,,,,?s=Data%5CMods%2FLocalAddedColdDamage8
Bows,Bows,normal,Entombing,75,1,ColdDamage,200,Adds (55 - 69) to (83 - 106) Cold Damage,Damage|Elemental|Cold|Attack,elemental_damage|damage|elemental|cold|attack,bow|two_hand_weapon|sword|axe|mace|spear|claw|dagger|flail|default,,,,,?s=Data%5CMods%2FLocalAddedColdDamage9
Bows,Bows,normal,Crystalising,81,1,ColdDamage,80,Adds (72 - 81) to (110 - 123) Cold Damage,Damage|Elemental|Cold|Attack,elemental_damage|damage|elemental|cold|attack,bow|two_hand_weapon|sword|axe|mace|spear|claw|dagger|flail|default,,,,,https://cdn.poe2db.tw/cache2/us/Poe_Data_Mods_hover/fa5a86c4aa12c683abfbf38aa980af689c8643e80b1321f603397a03abaaadb3
Bows,Bows,normal,Humming,1,1,LightningDamage,1200,Adds 1 to (4 - 6) Lightning Damage,Damage|Elemental|Lightning|Attack,elemental_damage|damage|elemental|lightning|attack,bow|two_hand_weapon|sword|axe|mace|spear|claw|dagger|flail|default,,,,,https://cdn.poe2db.tw/cache2/us/Poe_Data_Mods_hover/a65557a8af95aa6f845610f9dbde5c14247184bde2e0fcc00a377c9fe429160b
Bows,Bows,normal,Buzzing,8,1,LightningDamage,1200,Adds 1 to (13 - 19) Lightning Damage,Damage|Elemental|Lightning|Attack,elemental_damage|damage|elemental|lightning|attack,bow|two_hand_weapon|sword|axe|mace|spear|claw|dagger|flail|default,,,,,https://cdn.poe2db.tw/cache2/us/Poe_Data_Mods_hover/db592650f509bd1b1749358fc4eac3addffa9674149f52171b6c969f6ddfdee2
Bows,Bows,normal,Snapping,16,1,LightningDamage,1200,Adds (1 - 2) to (20 - 30) Lightning Damage,Damage|Elemental|Lightning|Attack,elemental_damage|damage|elemental|lightning|attack,bow|two_hand_weapon|sword|axe|mace|spear|claw|dagger|flail|default,,,,,https://cdn.poe2db.tw/cache2/us/Poe_Data_Mods_hover/90747289e6584a851676049413b0a374112d38d5c8172fd2641c62708c530a21
Bows,Bows,normal,Crackling,33,1,LightningDamage,1200,Adds (1 - 2) to (36 - 52) Lightning Damage,Damage|Elemental|Lightning|Attack,elemental_damage|damage|elemental|lightning|attack,bow|two_hand_weapon|sword|axe|mace|spear|claw|dagger|flail|default,,,,,https://cdn.poe2db.tw/cache2/us/Poe_Data_Mods_hover/72d1d0581c3f07bebc3c026d8935c538ff95553a40e221c07fe4c1462d584703
Bows,Bows,normal,Sparking,46,1,LightningDamage,1200,Adds (1 - 3) to (55 - 60) Lightning Damage,Damage|Elemental|Lightning|Attack,elemental_damage|damage|elemental|lightning|attack,bow|two_hand_weapon|sword|axe|mace|spear|claw|dagger|flail|default,,,,,https://cdn.poe2db.tw/cache2/us/Poe_Data_Mods_hover/a22cc6df5a7de3e361908761c2cb070ce48fd2f4053b34fad3f2a77b4810ff1e
Bows,Bows,normal,Arcing,54,1,LightningDamage,1200,Adds (1 - 4) to (63 - 82) Lightning Damage,Damage|Elemental|Lightning|Attack,elemental_damage|damage|elemental|lightning|attack,bow|two_hand_weapon|sword|axe|mace|spear|claw|dagger|flail|default,,,,,https://cdn.poe2db.tw/cache2/us/Poe_Data_Mods_hover/7c6a9fb7058c383810c564ad4014c8f4841de6e4a3f70fa3a9b83c99cc8a3fcd
Bows,Bows,normal,Shocking,60,1,LightningDamage,720,Adds (1 - 6) to (85 - 107) Lightning Damage,Damage|Elemental|Lightning|Attack,elemental_damage|damage|elemental|lightning|attack,bow|two_hand_weapon|sword|axe|mace|spear|claw|dagger|flail|default,,,,,?s=Data%5CMods%2FLocalAddedLightningDamage7
Bows,Bows,normal,Discharging,65,1,LightningDamage,480,Adds (1 - 8) to (111 - 152) Lightning Damage,Damage|Elemental|Lightning|Attack,elemental_damage|damage|elemental|lightning|attack,bow|two_hand_weapon|sword|axe|mace|spear|claw|dagger|flail|default,,,,,?s=Data%5CMods%2FLocalAddedLightningDamage8
Bows,Bows,normal,Electrocuting,75,1,LightningDamage,300,Adds (1 - 10) to (157 - 196) Lightning Damage,Damage|Elemental|Lightning|Attack,elemental_damage|damage|elemental|lightning|attack,bow|two_hand_weapon|sword|axe|mace|spear|claw|dagger|flail|default,,,,,https://cdn.poe2db.tw/cache2/us/Poe_Data_Mods_hover/40590f7442e869fa0400b2df5d92092d90b103c68e6a54070f49a2f51a9bdca9
Bows,Bows,normal,Vapourising,81,1,LightningDamage,120,Adds (1 - 12) to (202 - 234) Lightning Damage,Damage|Elemental|Lightning|Attack,elemental_damage|damage|elemental|lightning|attack,bow|two_hand_weapon|sword|axe|mace|spear|claw|dagger|flail|default,,,,,https://cdn.poe2db.tw/cache2/us/Poe_Data_Mods_hover/0be51c6ab0387254cf0b62669bef53b85df4b956e2e3e36b6d7682c057284ce7
Bows,Bows,normal,Heavy,1,1,LocalPhysicalDamagePercent,1000,(40 - 49) % increased Physical Damage,Damage|Physical|Attack,physical_damage|damage|physical|attack,weapon|default,,,,,https://cdn.poe2db.tw/cache2/us/Poe_Data_Mods_hover/6357c944a51fb1f356a827eb04718bcce888cb5fb7e08683f61787d02de336f3
Bows,Bows,normal,Serrated,8,1,LocalPhysicalDamagePercent,1000,(50 - 64) % increased Physical Damage,Damage|Physical|Attack,physical_damage|damage|physical|attack,weapon|default,,,,,https://cdn.poe2db.tw/cache2/us/Poe_Data_Mods_hover/d6c116973e2be84aef07d1e309732054799a383dc9646a943ccb62a44787e0cf
Bows,Bows,normal,Wicked,16,1,LocalPhysicalDamagePercent,1000,(65 - 84) % increased Physical Damage,Damage|Physical|Attack,physical_damage|damage|physical|attack,weapon|default,,,,,https://cdn.poe2db.tw/cache2/us/Poe_Data_Mods_hover/f55edd3ebec159918108bafe70fcb15adea333c2029fb36f218db3cf1df8e311
Bows,Bows,normal,Vicious,33,1,LocalPhysicalDamagePercent,400,(85 - 109) % increased Physical Damage,Damage|Physical|Attack,physical_damage|damage|physical|attack,weapon|default,,,,,https://cdn.poe2db.tw/cache2/us/Poe_Data_Mods_hover/dab576c6215fe014e1b75ea3d703e401c83e6ec6d673a32a8f1ccffa9138717c
Bows,Bows,normal,Bloodthirsty,46,1,LocalPhysicalDamagePercent,200,(110 - 134) % increased Physical Damage,Damage|Physical|Attack,physical_damage|damage|physical|attack,weapon|default,,,,,https://cdn.poe2db.tw/cache2/us/Poe_Data_Mods_hover/1a419ef472b6e52f086607d86d4842fe798c982e9eebe9c8b190152ff2586a26
Bows,Bows,normal,Cruel,60,1,LocalPhysicalDamagePercent,100,(135 - 154) % increased Physical Damage,Damage|Physical|Attack,physical_damage|damage|physical|attack,weapon|default,,,,,https://cdn.poe2db.tw/cache2/us/Poe_Data_Mods_hover/dc1ad57c816fa10019fc52981e6d4dbd81034b423c0891975d50011bfa6b6109
Bows,Bows,normal,Tyrannical,75,1,LocalPhysicalDamagePercent,50,(155 - 169) % increased Physical Damage,Damage|Physical|Attack,physical_damage|damage|physical|attack,weapon|default,,,,,https://cdn.poe2db.tw/cache2/us/Poe_Data_Mods_hover/fdf198e66cc2b28bbe6d011db73bb38edbd86e5d601dcf82237503c4eee604e4
Bows,Bows,normal,Merciless,82,1,LocalPhysicalDamagePercent,25,(170 - 179) % increased Physical Damage,Damage|Physical|Attack,physical_damage|damage|physical|attack,weapon|default,,,,,https://cdn.poe2db.tw/cache2/us/Poe_Data_Mods_hover/ffc51001967c7fef7100d3d0f57bd4ab2dada1771334cad615f19b0e625b7c95
Bows,Bows,normal,Squire's,8,1,LocalIncreasedPhysicalDamagePercentAndAccuracyRating,1000,(15 - 19) % increased Physical Damage +(16 - 20) to Accuracy Rating,Damage|Physical|Attack,physical_damage|damage|physical|attack,weapon|default,,,,,https://cdn.poe2db.tw/cache2/us/Poe_Data_Mods_hover/e7f7746be43e0f80aca63839a1b69349a2ebf4bf090d26add855c2272508124b
Bows,Bows,normal,Journeyman's,14,1,LocalIncreasedPhysicalDamagePercentAndAccuracyRating,1000,(20 - 24) % increased Physical Damage +(21 - 46) to Accuracy Rating,Damage|Physical|Attack,physical_damage|damage|physical|attack,weapon|default,,,,,https://cdn.poe2db.tw/cache2/us/Poe_Data_Mods_hover/887d0bab4c934f87bde3b523bbfc724b4e0576e757d08f6bb95a2bbefce7d1ee
Bows,Bows,normal,Reaver's,23,1,LocalIncreasedPhysicalDamagePercentAndAccuracyRating,1000,(25 - 34) % increased Physical Damage +(47 - 72) to Accuracy Rating,Damage|Physical|Attack,physical_damage|damage|physical|attack,weapon|default,,,,,?s=Data%5CMods%2FLocalIncreasedPhysicalDamagePercentAndAccuracyRating3
Bows,Bows,normal,Mercenary's,38,1,LocalIncreasedPhysicalDamagePercentAndAccuracyRating,1000,(35 - 44) % increased Physical Damage +(73 - 97) to Accuracy Rating,Damage|Physical|Attack,physical_damage|damage|physical|attack,weapon|default,,,,,?s=Data%5CMods%2FLocalIncreasedPhysicalDamagePercentAndAccuracyRating4
Bows,Bows,normal,Champion's,54,1,LocalIncreasedPhysicalDamagePercentAndAccuracyRating,600,(45 - 54) % increased Physical Damage +(98 - 123) to Accuracy Rating,Damage|Physical|Attack,physical_damage|damage|physical|attack,weapon|default,,,,,?s=Data%5CMods%2FLocalIncreasedPhysicalDamagePercentAndAccuracyRating5
Bows,Bows,normal,Conqueror's,65,1,LocalIncreasedPhysicalDamagePercentAndAccuracyRating,400,(55 - 64) % increased Physical Damage +(124 - 149) to Accuracy Rating,Damage|Physical|Attack,physical_damage|damage|physical|attack,weapon|default,,,,,?s=Data%5CMods%2FLocalIncreasedPhysicalDamagePercentAndAccuracyRating6
Bows,Bows,normal,Emperor's,70,1,LocalIncreasedPhysicalDamagePercentAndAccuracyRating,200,(65 - 74) % increased Physical Damage +(150 - 174) to Accuracy Rating,Damage|Physical|Attack,physical_damage|damage|physical|attack,weapon|default,,,,,?s=Data%5CMods%2FLocalIncreasedPhysicalDamagePercentAndAccuracyRating7
Bows,Bows,normal,Dictator's,81,1,LocalIncreasedPhysicalDamagePercentAndAccuracyRating,100,(75 - 79) % increased Physical Damage +(175 - 200) to Accuracy Rating,Damage|Physical|Attack,physical_damage|damage|physical|attack,weapon|default,,,,,https://cdn.poe2db.tw/cache2/us/Poe_Data_Mods_hover/65d2ac194f908dbd44131317121fa05e9a1d11ba1f0dd8cde29dacadb792bdbf
Bows,Bows,normal,of the Fletcher,18,2,IncreaseSocketedGemLevel,750,+1 to Level of all Projectile Skills,,,bow|spear|default,,,,,https://cdn.poe2db.tw/cache2/us/Poe_Data_Mods_hover/fbdd5fc0c21b37d9c26a0be58fc9d116a08c43974f5cd415e4ab8352e7b0e4a8
Bows,Bows,normal,of the Sharpshooter,36,2,IncreaseSocketedGemLevel,500,+2 to Level of all Projectile Skills,,,bow|spear|default,,,,,https://cdn.poe2db.tw/cache2/us/Poe_Data_Mods_hover/313ff412d2f6cbf7c3e44ed3620f2a0db21b71d0690d800c8897b89111f7d15f
Bows,Bows,normal,of the Marksman,55,2,IncreaseSocketedGemLevel,250,+3 to Level of all Projectile Skills,,,bow|spear|default,,,,,https://cdn.poe2db.tw/cache2/us/Poe_Data_Mods_hover/b65c84aa9c3c634983169709fe83279e9e126db47380018bdef3e19b44958713
Bows,Bows,normal,of the Sniper,81,2,IncreaseSocketedGemLevel,100,+4 to Level of all Projectile Skills,,,bow|spear|default,,,,,https://cdn.poe2db.tw/cache2/us/Poe_Data_Mods_hover/9940607cf20387cdfa0533fdde4086a83f95dedfcb852cd0f1901986aa843749
Bows,Bows,normal,of the Locust,21,2,LifeLeech,1000,Leeches (6 - 6.9) % of Physical Damage as Life,Life|Physical|Attack,resource|life|physical|attack,weapon|default,,,,,?s=Data%5CMods%2FLifeLeechLocal2
Bows,Bows,normal,of the Remora,38,2,LifeLeech,1000,Leeches (7 - 7.9) % of Physical Damage as Life,Life|Physical|Attack,resource|life|physical|attack,weapon|default,,,,,?s=Data%5CMods%2FLifeLeechLocal3
Bows,Bows,normal,of the Lamprey,54,2,LifeLeech,1000,Leeches (8 - 8.9) % of Physical Damage as Life,Life|Physical|Attack,resource|life|physical|attack,weapon|default,,,,,?s=Data%5CMods%2FLifeLeechLocal4
Bows,Bows,normal,of the Vampire,65,2,LifeLeech,1,Leeches (9 - 9.9) % of Physical Damage as Life,Life|Physical|Attack,resource|life|physical|attack,weapon|default,,,,,?s=Data%5CMods%2FLifeLeechLocal5
Bows,Bows,normal,of the Parched,21,2,ManaLeech,1000,Leeches (5 - 5.9) % of Physical Damage as Mana,Mana|Physical|Attack,resource|mana|physical|attack,weapon|default,,,,,?s=Data%5CMods%2FManaLeechLocal2
Bows,Bows,normal,of the Arid,38,2,ManaLeech,1000,Leeches (6 - 6.9) % of Physical Damage as Mana,Mana|Physical|Attack,resource|mana|physical|attack,weapon|default,,,,,https://cdn.poe2db.tw/cache2/us/Poe_Data_Mods_hover/f96077f6486285b36f4d3ced56d2b740417b12acd567182a171e8b4f2f79d7b0
Bows,Bows,normal,of the Drought,54,2,ManaLeech,1000,Leeches (7 - 7.9) % of Physical Damage as Mana,Mana|Physical|Attack,resource|mana|physical|attack,weapon|default,,,,,?s=Data%5CMods%2FManaLeechLocal4
Bows,Bows,normal,of the Desperate,65,2,ManaLeech,1,Leeches (8 - 8.9) % of Physical Damage as Mana,Mana|Physical|Attack,resource|mana|physical|attack,weapon|default,,,,,?s=Data%5CMods%2FManaLeechLocal5
Bows,Bows,normal,of Success,1,2,LifeGainedFromEnemyDeath,750,Gain (4 - 6) Life per enemy killed,Life,resource|life,weapon|wand|staff|ring|gloves|quiver|trap|default,,,,,?s=Data%5CMods%2FLifeGainedFromEnemyDeath1
Bows,Bows,normal,of Victory,11,2,LifeGainedFromEnemyDeath,750,Gain (7 - 9) Life per enemy killed,Life,resource|life,weapon|wand|staff|ring|gloves|quiver|trap|default,,,,,?s=Data%5CMods%2FLifeGainedFromEnemyDeath2
Bows,Bows,normal,of Triumph,22,2,LifeGainedFromEnemyDeath,750,Gain (10 - 18) Life per enemy killed,Life,resource|life,weapon|wand|staff|ring|gloves|quiver|trap|default,,,,,?s=Data%5CMods%2FLifeGainedFromEnemyDeath3
Bows,Bows,normal,of Conquest,33,2,LifeGainedFromEnemyDeath,750,Gain (19 - 28) Life per enemy killed,Life,resource|life,weapon|wand|staff|ring|gloves|quiver|trap|default,,,,,?s=Data%5CMods%2FLifeGainedFromEnemyDeath4
Bows,Bows,normal,of Vanquishing,44,2,LifeGainedFromEnemyDeath,750,Gain (29 - 40) Life per enemy killed,Life,resource|life,weapon|wand|staff|ring|gloves|quiver|trap|default,,,,,?s=Data%5CMods%2FLifeGainedFromEnemyDeath5
Bows,Bows,normal,of Valour,55,2,LifeGainedFromEnemyDeath,750,Gain (41 - 53) Life per enemy killed,Life,resource|life,weapon|wand|staff|ring|gloves|quiver|trap|default,,,,,?s=Data%5CMods%2FLifeGainedFromEnemyDeath6
Bows,Bows,normal,of Glory,66,2,LifeGainedFromEnemyDeath,750,Gain (54 - 68) Life per enemy killed,Life,resource|life,weapon|wand|staff|gloves|trap|default,,,,,?s=Data%5CMods%2FLifeGainedFromEnemyDeath7
Bows,Bows,normal,of Legend,77,2,LifeGainedFromEnemyDeath,750,Gain (69 - 84) Life per enemy killed,Life,resource|life,weapon|wand|staff|gloves|trap|default,,,,,https://cdn.poe2db.tw/cache2/us/Poe_Data_Mods_hover/3d5628dbb2a62049ed9a3c5a9928ef989ac85c6d44e3ab636f601cf81432f00c
Bows,Bows,normal,of Absorption,1,2,ManaGainedFromEnemyDeath,750,Gain (2 - 3) Mana per enemy killed,Mana,resource|mana,weapon|wand|staff|ring|gloves|quiver|trap|default,,,,,?s=Data%5CMods%2FManaGainedFromEnemyDeath1
Bows,Bows,normal,of Osmosis,12,2,ManaGainedFromEnemyDeath,750,Gain (4 - 5) Mana per enemy killed,Mana,resource|mana,weapon|wand|staff|ring|gloves|quiver|trap|default,,,,,?s=Data%5CMods%2FManaGainedFromEnemyDeath2
Bows,Bows,normal,of Infusion,23,2,ManaGainedFromEnemyDeath,750,Gain (6 - 9) Mana per enemy killed,Mana,resource|mana,weapon|wand|staff|ring|gloves|quiver|trap|default,,,,,?s=Data%5CMods%2FManaGainedFromEnemyDeath3
Bows,Bows,normal,of Enveloping,34,2,ManaGainedFromEnemyDeath,750,Gain (10 - 14) Mana per enemy killed,Mana,resource|mana,weapon|wand|staff|ring|gloves|quiver|trap|default,,,,,?s=Data%5CMods%2FManaGainedFromEnemyDeath4
Bows,Bows,normal,of Consumption,45,2,ManaGainedFromEnemyDeath,750,Gain (15 - 20) Mana per enemy killed,Mana,resource|mana,weapon|wand|staff|ring|gloves|quiver|trap|default,,,,,?s=Data%5CMods%2FManaGainedFromEnemyDeath5
Bows,Bows,normal,of Siphoning,56,2,ManaGainedFromEnemyDeath,750,Gain (21 - 27) Mana per enemy killed,Mana,resource|mana,weapon|wand|staff|ring|gloves|quiver|trap|default,,,,,https://cdn.poe2db.tw/cache2/us/Poe_Data_Mods_hover/3c91305c00e0c01a787fc8572c460f3e0c863a989c982db94abb68f42334e9ff
Bows,Bows,normal,of Devouring,67,2,ManaGainedFromEnemyDeath,750,Gain (28 - 35) Mana per enemy killed,Mana,resource|mana,weapon|wand|staff|gloves|trap|default,,,,,https://cdn.poe2db.tw/cache2/us/Poe_Data_Mods_hover/daf83241d3dfcbcf8babb6db1e0d02150aac6c1dea664b05032d6259f21f8fe0
Bows,Bows,normal,of Assimilation,78,2,ManaGainedFromEnemyDeath,750,Gain (36 - 45) Mana per enemy killed,Mana,resource|mana,weapon|wand|staff|gloves|trap|default,,,,,?s=Data%5CMods%2FManaGainedFromEnemyDeath8
Bows,Bows,normal,of Rejuvenation,8,2,LifeGainPerTarget,1000,Grants 2 Life per Enemy Hit,Life|Attack,resource|life|attack,weapon|default,,,,,?s=Data%5CMods%2FLifeGainPerTargetLocal1
Bows,Bows,normal,of Restoration,20,2,LifeGainPerTarget,1000,Grants 3 Life per Enemy Hit,Life|Attack,resource|life|attack,weapon|default,,,,,?s=Data%5CMods%2FLifeGainPerTargetLocal2
Bows,Bows,normal,of Regrowth,30,2,LifeGainPerTarget,1000,Grants 4 Life per Enemy Hit,Life|Attack,resource|life|attack,weapon|default,,,,,https://cdn.poe2db.tw/cache2/us/Poe_Data_Mods_hover/679888a6e4062c9edc1b113bc410a0c9b621d72b0a751ba6992ede8c877d328e
Bows,Bows,normal,of Nourishment,40,2,LifeGainPerTarget,1000,Grants 5 Life per Enemy Hit,Life|Attack,resource|life|attack,weapon|default,,,,,https://cdn.poe2db.tw/cache2/us/Poe_Data_Mods_hover/c1f79461c8357f47a43aac7bd19dbfa3bc12a691e6f8112974209251d77fa1f2
Bows,Bows,normal,of Skill,1,2,IncreasedAttackSpeed,1000,(5 - 7) % increased Attack Speed,Attack|Speed,attack|speed,weapon|default,,,,,https://cdn.poe2db.tw/cache2/us/Poe_Data_Mods_hover/5550d8f22646dfa80ee3dedc6ce7ed6759081001fee3f3d642deee8b869e8c0e
Bows,Bows,normal,of Ease,11,2,IncreasedAttackSpeed,1000,(8 - 10) % increased Attack Speed,Attack|Speed,attack|speed,weapon|default,,,,,https://cdn.poe2db.tw/cache2/us/Poe_Data_Mods_hover/a44b695ba706bbab5571bd123e2a947695125c2cb321b71246db8a3ad444315d
Bows,Bows,normal,of Mastery,22,2,IncreasedAttackSpeed,1000,(11 - 13) % increased Attack Speed,Attack|Speed,attack|speed,weapon|default,,,,,https://cdn.poe2db.tw/cache2/us/Poe_Data_Mods_hover/ee62a0f7b66738c56c2718f96a585f077b65e7c1e1a5823a15dd90a74f0c77e0
Bows,Bows,normal,of Renown,30,2,IncreasedAttackSpeed,500,(14 - 16) % increased Attack Speed,Attack|Speed,attack|speed,ranged|weapon|default,,,,,https://cdn.poe2db.tw/cache2/us/Poe_Data_Mods_hover/1e6fd067a695a2c8ad3292549e66dabb50e67326ba4512a643ef8ef225f82775
Bows,Bows,normal,of Acclaim,37,2,IncreasedAttackSpeed,400,(17 - 19) % increased Attack Speed,Attack|Speed,attack|speed,ranged|weapon|default,,,,,https://cdn.poe2db.tw/cache2/us/Poe_Data_Mods_hover/ddccd2b7005b299b0a28acb90e093c41333d45667a5d94041a8ac89811c66506
Bows,Bows,normal,Precise,8,1,IncreasedAccuracy,800,+(11 - 32) to Accuracy Rating,Attack,attack,weapon|default,,,,,?s=Data%5CMods%2FLocalIncreasedAccuracy1
Bows,Bows,normal,Reliable,13,1,IncreasedAccuracy,800,+(33 - 60) to Accuracy Rating,Attack,attack,weapon|default,,,,,?s=Data%5CMods%2FLocalIncreasedAccuracy2
Bows,Bows,normal,Focused,18,1,IncreasedAccuracy,800,+(61 - 84) to Accuracy Rating,Attack,attack,weapon|default,,,,,?s=Data%5CMods%2FLocalIncreasedAccuracy3
Bows,Bows,normal,Deliberate,26,1,IncreasedAccuracy,800,+(85 - 123) to Accuracy Rating,Attack,attack,weapon|default,,,,,?s=Data%5CMods%2FLocalIncreasedAccuracy4
Bows,Bows,normal,Consistent,36,1,IncreasedAccuracy,800,+(124 - 167) to Accuracy Rating,Attack,attack,weapon|default,,,,,?s=Data%5CMods%2FLocalIncreasedAccuracy5
Bows,Bows,normal,Steady,48,1,IncreasedAccuracy,600,+(168 - 236) to Accuracy Rating,Attack,attack,weapon|default,,,,,?s=Data%5CMods%2FLocalIncreasedAccuracy6
Bows,Bows,normal,Hunter's,58,1,IncreasedAccuracy,600,+(237 - 346) to Accuracy Rating,Attack,attack,weapon|default,,,,,?s=Data%5CMods%2FLocalIncreasedAccuracy7
Bows,Bows,normal,Ranger's,67,1,IncreasedAccuracy,300,+(347 - 450) to Accuracy Rating,Attack,attack,weapon|default,,,,,https://cdn.poe2db.tw/cache2/us/Poe_Data_Mods_hover/2c2c8647e200938739b3d319a9f79138aa16a9c2e47eecd1e4950ce0de3ce34c
Bows,Bows,normal,Amazon's,76,1,IncreasedAccuracy,200,+(451 - 550) to Accuracy Rating,Attack,attack,weapon|default,,,,,?s=Data%5CMods%2FLocalIncreasedAccuracy9_
Bows,Bows,normal,Valkyrie's,82,1,IncreasedAccuracy,100,+(551 - 650) to Accuracy Rating,Attack,attack,ranged|default,,,,,?s=Data%5CMods%2FLocalIncreasedAccuracy10
Bows,Bows,normal,of Menace,1,2,CriticalStrikeChanceIncrease,1000,+(1.01 - 1.5) % to Critical Hit Chance,Attack|Critical,attack|critical,weapon|default,,,,,https://cdn.poe2db.tw/cache2/us/Poe_Data_Mods_hover/3cd449fc6293d341440ac8e45a105620da28fc95a31bbdfcaae3678bcfafd883
Bows,Bows,normal,of Havoc,20,2,CriticalStrikeChanceIncrease,1000,+(1.51 - 2.1) % to Critical Hit Chance,Attack|Critical,attack|critical,weapon|default,,,,,?s=Data%5CMods%2FLocalCriticalStrikeChance2
Bows,Bows,normal,of Disaster,30,2,CriticalStrikeChanceIncrease,1000,+(2.11 - 2.7) % to Critical Hit Chance,Attack|Critical,attack|critical,weapon|default,,,,,?s=Data%5CMods%2FLocalCriticalStrikeChance3
Bows,Bows,normal,of Calamity,44,2,CriticalStrikeChanceIncrease,500,+(3.11 - 3.8) % to Critical Hit Chance,Attack|Critical,attack|critical,weapon|default,,,,,https://cdn.poe2db.tw/cache2/us/Poe_Data_Mods_hover/cd931d20e4247e62969b27c638be52946da245ae1fdf41eca53a9912d4ba8f36
Bows,Bows,normal,of Ruin,59,2,CriticalStrikeChanceIncrease,250,+(3.81 - 4.4) % to Critical Hit Chance,Attack|Critical,attack|critical,weapon|default,,,,,?s=Data%5CMods%2FLocalCriticalStrikeChance5
Bows,Bows,normal,of Unmaking,73,2,CriticalStrikeChanceIncrease,125,+(4.41 - 5) % to Critical Hit Chance,Attack|Critical,attack|critical,weapon|default,,,,,https://cdn.poe2db.tw/cache2/us/Poe_Data_Mods_hover/2d0aa667b9afab41c8b0fa98a0cbcae0575f25147f33abf60e2b507fc430529c
Bows,Bows,normal,of Ire,8,2,CriticalStrikeMultiplier,1000,+(10 - 11) % to Critical Damage Bonus,Damage|Attack|Critical,damage|attack|critical,weapon|default,,,,,?s=Data%5CMods%2FLocalCriticalMultiplier1
Bows,Bows,normal,of Anger,21,2,CriticalStrikeMultiplier,1000,+(12 - 13) % to Critical Damage Bonus,Damage|Attack|Critical,damage|attack|critical,weapon|default,,,,,?s=Data%5CMods%2FLocalCriticalMultiplier2
Bows,Bows,normal,of Rage,30,2,CriticalStrikeMultiplier,1000,+(14 - 16) % to Critical Damage Bonus,Damage|Attack|Critical,damage|attack|critical,weapon|default,,,,,?s=Data%5CMods%2FLocalCriticalMultiplier3
Bows,Bows,normal,of Fury,44,2,CriticalStrikeMultiplier,500,+(17 - 19) % to Critical Damage Bonus,Damage|Attack|Critical,damage|attack|critical,weapon|default,,,,,?s=Data%5CMods%2FLocalCriticalMultiplier4
Bows,Bows,normal,of Ferocity,59,2,CriticalStrikeMultiplier,250,+(20 - 22) % to Critical Damage Bonus,Damage|Attack|Critical,damage|attack|critical,weapon|default,,,,,?s=Data%5CMods%2FLocalCriticalMultiplier5
Bows,Bows,normal,of Destruction,73,2,CriticalStrikeMultiplier,125,+(23 - 25) % to Critical Damage Bonus,Damage|Attack|Critical,damage|attack|critical,weapon|default,,,,,?s=Data%5CMods%2FLocalCriticalMultiplier6
Bows,Bows,normal,of Shining,8,2,LightRadiusAndAccuracy,1000,+(10 - 20) to Accuracy Rating 5 % increased Light Radius,Attack,attack,weapon|default,,,,,?s=Data%5CMods%2FLocalLightRadiusAndAccuracy1
Bows,Bows,normal,of Light,15,2,LightRadiusAndAccuracy,1000,+(21 - 40) to Accuracy Rating 10 % increased Light Radius,Attack,attack,weapon|default,,,,,?s=Data%5CMods%2FLocalLightRadiusAndAccuracy2
Bows,Bows,normal,of Radiance,30,2,LightRadiusAndAccuracy,1000,+(41 - 60) to Accuracy Rating 15 % increased Light Radius,Attack,attack,weapon|default,,,,,?s=Data%5CMods%2FLocalLightRadiusAndAccuracy3
Bows,Bows,normal,of Surplus,46,2,AdditionalArrows,400,+(25 - 50) % Surpassing chance to fire an additional Arrow,Attack,attack,bow|default,,,,,https://cdn.poe2db.tw/cache2/us/Poe_Data_Mods_hover/ef81e5cf7b13f4e0f487a6c1e20314fafd8786b759fb074921bc4a7ede92f04a
Bows,Bows,normal,of Splintering,55,2,AdditionalArrows,300,+(75 - 100) % Surpassing chance to fire an additional Arrow,Attack,attack,bow|default,,,,,?s=Data%5CMods%2FAdditionalArrowChance2
Bows,Bows,normal,of Shards,66,2,AdditionalArrows,200,+(125 - 150) % Surpassing chance to fire an additional Arrow,Attack,attack,bow|default,,,,,?s=Data%5CMods%2FAdditionalArrowChance3
Bows,Bows,normal,of Many,82,2,AdditionalArrows,125,+(175 - 200) % Surpassing chance to fire an additional Arrow,Attack,attack,bow|default,,,,,?s=Data%5CMods%2FAdditionalArrowChance4
Bows,Bows,normal,Catalysing,4,1,IncreasedWeaponElementalDamagePercent,500,(19 - 35) % increased Elemental Damage with Attacks,Damage|Elemental|Fire|Cold|Lightning,elemental_damage|has_attack_mod|damage|elemental|fire|cold|lightning,bow|one_hand_weapon|default,,,,,https://cdn.poe2db.tw/cache2/us/Poe_Data_Mods_hover/f9c90957ba43c9d60f980085b6554bfa6dedf505bcf42e0fd1f11c70e2d9e59f
Bows,Bows,normal,Infusing,16,1,IncreasedWeaponElementalDamagePercent,500,(36 - 52) % increased Elemental Damage with Attacks,Damage|Elemental|Fire|Cold|Lightning,elemental_damage|has_attack_mod|damage|elemental|fire|cold|lightning,bow|one_hand_weapon|default,,,,,?s=Data%5CMods%2FWeaponElementalDamage2
Bows,Bows,normal,Empowering,33,1,IncreasedWeaponElementalDamagePercent,500,(53 - 62) % increased Elemental Damage with Attacks,Damage|Elemental|Fire|Cold|Lightning,elemental_damage|has_attack_mod|damage|elemental|fire|cold|lightning,bow|one_hand_weapon|default,,,,,?s=Data%5CMods%2FWeaponElementalDamage3
Bows,Bows,normal,Unleashed,46,1,IncreasedWeaponElementalDamagePercent,500,(63 - 72) % increased Elemental Damage with Attacks,Damage|Elemental|Fire|Cold|Lightning,elemental_damage|has_attack_mod|damage|elemental|fire|cold|lightning,bow|one_hand_weapon|default,,,,,?s=Data%5CMods%2FWeaponElementalDamage4
Bows,Bows,normal,Overpowering,60,1,IncreasedWeaponElementalDamagePercent,500,(73 - 86) % increased Elemental Damage with Attacks,Damage|Elemental|Fire|Cold|Lightning,elemental_damage|has_attack_mod|damage|elemental|fire|cold|lightning,bow|one_hand_weapon|default,,,,,?s=Data%5CMods%2FWeaponElementalDamage5
Bows,Bows,normal,Devastating,81,1,IncreasedWeaponElementalDamagePercent,500,(87 - 100) % increased Elemental Damage with Attacks,Damage|Elemental|Fire|Cold|Lightning,elemental_damage|has_attack_mod|damage|elemental|fire|cold|lightning,bow|one_hand_weapon|default,,,,,?s=Data%5CMods%2FWeaponElementalDamage6_
Bows,Bows,corrupted,CorruptionReducedLocalAttributeRequirements1,1,5,LocalAttributeRequirements,1,(10 - 20) % reduced Attribute Requirements,,,armour|weapon|wand|staff|sceptre|default,,,,,https://cdn.poe2db.tw/cache2/us/Poe_Data_Mods_hover/3bc36f14e66abfb029cf91f2b49289c7df055284801b443de6fcea1b24ec3928
Bows,Bows,corrupted,CorruptionLocalIncreasedPhysicalDamagePercent1,1,5,LocalPhysicalDamagePercent,1,(15 - 25) % increased Physical Damage,Damage|Physical|Attack,physical_damage|damage|physical|attack,weapon|default,,,,,?s=Data%5CMods%2FCorruptionLocalIncreasedPhysicalDamagePercent1
Bows,Bows,corrupted,CorruptionLocalAddedFireDamage1,1,5,FireDamage,1,Adds (9 - 14) to (15 - 22) Fire Damage,Damage|Elemental|Fire|Attack,elemental_damage|damage|elemental|fire|attack,bow|one_hand_weapon|default,,,,,?s=Data%5CMods%2FCorruptionLocalAddedFireDamage1
Bows,Bows,corrupted,CorruptionLocalAddedColdDamage1,1,5,ColdDamage,1,Adds (8 - 12) to (13 - 19) Cold Damage,Damage|Elemental|Cold|Attack,elemental_damage|damage|elemental|cold|attack,bow|one_hand_weapon|default,,,,,?s=Data%5CMods%2FCorruptionLocalAddedColdDamage1
Bows,Bows,corrupted,CorruptionLocalAddedLightningDamage1,1,5,LightningDamage,1,Adds (1 - 2) to (29 - 43) Lightning Damage,Damage|Elemental|Lightning|Attack,elemental_damage|damage|elemental|lightning|attack,bow|one_hand_weapon|default,,,,,?s=Data%5CMods%2FCorruptionLocalAddedLightningDamage1
Bows,Bows,corrupted,CorruptionLocalAddedChaosDamage1,1,5,LocalChaosDamage,1,Adds (7 - 11) to (12 - 18) Chaos damage,Damage|Chaos|Attack,chaos_damage|damage|chaos|attack,bow|one_hand_weapon|default,,,,,?s=Data%5CMods%2FCorruptionLocalAddedChaosDamage1
Bows,Bows,corrupted,CorruptionLocalIncreasedAttackSpeed1,1,5,IncreasedAttackSpeed,1,(6 - 8) % increased Attack Speed,Attack|Speed,attack|speed,weapon|default,,,,,?s=Data%5CMods%2FCorruptionLocalIncreasedAttackSpeed1
Bows,Bows,corrupted,CorruptionLocalCriticalStrikeMultiplier1,1,5,CriticalStrikeMultiplier,1,+(5 - 10) % to Critical Damage Bonus,Damage|Attack|Critical,damage|attack|critical,weapon|default,,,,,?s=Data%5CMods%2FCorruptionLocalCriticalStrikeMultiplier1
Bows,Bows,corrupted,CorruptionLocalChanceToMaim1,1,5,LocalMaimOnHit,1,(10 - 15) % chance to Maim on Hit,Attack,attack,bow|crossbow|default,,,,,?s=Data%5CMods%2FCorruptionLocalChanceToMaim1
Bows,Bows,corrupted,CorruptionLocalChanceToBlind1,1,5,BlindingHit,1,(5 - 10) % chance to Blind Enemies on hit,,,bow|crossbow|default,,,,,?s=Data%5CMods%2FCorruptionLocalChanceToBlind1
Bows,Bows,corrupted,CorruptionWeaponElementalDamage1,1,5,IncreasedWeaponElementalDamagePercent,1,(20 - 30) % increased Elemental Damage with Attacks,Damage|Elemental|Fire|Cold|Lightning,elemental_damage|has_attack_mod|damage|elemental|fire|cold|lightning,bow|one_hand_weapon|default,,,,,?s=Data%5CMods%2FCorruptionWeaponElementalDamage1
Bows,Bows,corrupted,CorruptionAdditionalArrows1,1,5,AdditionalArrows,1,Bow Attacks fire an additional Arrow,Attack,attack,bow|default,,,,,?s=Data%5CMods%2FCorruptionAdditionalArrows1
Bows,Bows,desecrated,Amanamu's,65,1,IncreasedAttackAreaOfEffect,,(12 - 23) % increased Area of Effect for Attacks,amanamu|Attack,unveiled_mod|amanamu_mod|attack,bow|spear|default|amanamu_mod,,,Desecrated,,?s=Data%5CMods%2FAbyssModBowSpearAmanamuPrefixAttackSkillAreaOfEffect
Bows,Bows,desecrated,Amanamu's,65,1,CompanionDamage,,Companions deal (40 - 59) % increased Damage (40 - 59) % increased Damage while your Companion is in your Presence,amanamu,unveiled_mod|amanamu_mod,bow|spear|talisman|default|amanamu_mod,,,Desecrated,,https://cdn.poe2db.tw/cache2/us/Poe_Data_Mods_hover/06f60d46bc997deee881f3ccd00dcda2d6dbd8fd845850d2f9f280ffba108918
Bows,Bows,desecrated,Amanamu's,65,1,FireResistancePenetration,,Attacks with this Weapon Penetrate (15 - 25) % Fire Resistance,amanamu|Damage|Elemental|Fire|Attack,elemental_damage|unveiled_mod|amanamu_mod|damage|elemental|fire|attack,weapon|default|amanamu_mod,,,Desecrated,,?s=Data%5CMods%2FAbyssModGenWeaponAmanamuPrefixFirePenetration
Bows,Bows,desecrated,Kurgal's,65,1,ChainFromTerrain,,Projectiles have (25 - 35) % chance to Chain an additional time from terrain,kurgal,unveiled_mod|kurgal_mod,bow|spear|default|kurgal_mod,,,Desecrated,,?s=Data%5CMods%2FAbyssModBowSpearKurgalPrefixChanceChainFromTerrain
Bows,Bows,desecrated,Kurgal's,65,1,EquipmentModifierEffect,,(30 - 40) % increased bonuses gained from Equipped Quiver,kurgal,unveiled_mod|kurgal_mod,bow|default|kurgal_mod,,,Desecrated,,?s=Data%5CMods%2FAbyssModBowKurgalPrefixIncreasedQuiverStats
Bows,Bows,desecrated,Kurgal's,65,1,ColdResistancePenetration,,Attacks with this Weapon Penetrate (15 - 25) % Cold Resistance,kurgal|Damage|Elemental|Cold|Attack,elemental_damage|unveiled_mod|kurgal_mod|damage|elemental|cold|attack,weapon|default|kurgal_mod,,,Desecrated,,https://cdn.poe2db.tw/cache2/us/Poe_Data_Mods_hover/da208c9de100bd8d2ad171a36f372287ff03e1fba52ccae7974842c76c1300f6
Bows,Bows,desecrated,of Amanamu,65,2,ChanceToPierce,,(40 - 60) % chance to Pierce an Enemy,amanamu,unveiled_mod|amanamu_mod,bow|spear|default|amanamu_mod,,,Desecrated,,?s=Data%5CMods%2FAbyssModBowSpearAmanamuSuffixChancePierceAdditionalTime
Bows,Bows,desecrated,of Amanamu,65,2,CompanionAttackSpeed|IncreasedAttackSpeed,,(12 - 18) % increased Attack Speed Companions have (12 - 18) % increased Attack Speed,amanamu,unveiled_mod|amanamu_mod,bow|spear|talisman|default|amanamu_mod,,,Desecrated,,?s=Data%5CMods%2FAbyssModBowSpearAmanamuSuffixCompanionAndLocalAttackSpeed
Bows,Bows,desecrated,of Amanamu,65,2,SpiritReservationEfficiency,,(5 - 10) % increased Spirit Reservation Efficiency of Skills,amanamu,unveiled_mod|amanamu_mod,weapon|default|amanamu_mod,,,Desecrated,,?s=Data%5CMods%2FAbyssModGenWeaponAmanamuSuffixSpiritReservationEfficiency
Bows,Bows,desecrated,of Kurgal,65,2,Immobilise,,(25 - 34) % increased Immobilisation buildup,kurgal,unveiled_mod|kurgal_mod,bow|spear|default|kurgal_mod,,,Desecrated,,?s=Data%5CMods%2FAbyssModBowSpearKurgalSuffixImmobilisationBuildup
Bows,Bows,desecrated,of Kurgal,65,2,CriticalStrikeChanceIncrease,,Projectiles have (25 - 34) % increased Critical Hit Chance against Enemies further than 6m,kurgal,unveiled_mod|kurgal_mod,bow|spear|default|kurgal_mod,,,Desecrated,,?s=Data%5CMods%2FAbyssModBowSpearKurgalSuffixProjectileCriticalHitChanceFar
Bows,Bows,desecrated,of Kurgal,65,2,ManaCostEfficiency,,(8 - 15) % increased Cost Efficiency of Attacks,kurgal|Attack,unveiled_mod|kurgal_mod|attack,weapon|default|kurgal_mod,,,Desecrated,,https://cdn.poe2db.tw/cache2/us/Poe_Data_Mods_hover/35d6ba2178988d0fc96d91d6b550c1b4eccbdb1d5e1ba6e17bc5f598593157c1
Bows,Bows,desecrated,of Ulaman,65,2,LifeCost,,(15 - 20) % of Skill Mana Costs Converted to Life Costs,ulaman|Life,resource|unveiled_mod|ulaman_mod|life,weapon|default|ulaman_mod,,,Desecrated,,?s=Data%5CMods%2FAbyssModGenWeaponUlamanSuffixSkillCostConvertedToLife
Bows,Bows,desecrated,of Ulaman,65,2,AdditionalProjectiles,,Projectile Attacks have a (10 - 18) % chance to fire two additional Projectiles while moving,ulaman,unveiled_mod|ulaman_mod,bow|spear|default|ulaman_mod,,,Desecrated,,?s=Data%5CMods%2FAbyssModBowSpearUlamanSuffixChanceForExtraProjectilesWhileMoving
Bows,Bows,desecrated,of Ulaman,65,2,CompanionDamage|IncreasedAttackSpeed,,(8 - 13) % increased Attack Speed (8 - 13) % increased Attack Speed while your Companion is in your Presence,ulaman,unveiled_mod|ulaman_mod,bow|spear|default|ulaman_mod,,,Desecrated,,?s=Data%5CMods%2FAbyssModBowSpearUlamanSuffixAttackSpeedLocalAndWithCompanion
Bows,Bows,desecrated,Ulaman's,65,1,LightningResistancePenetration,,Attacks with this Weapon Penetrate (15 - 25) % Lightning Resistance,ulaman|Damage|Elemental|Lightning|Attack,elemental_damage|unveiled_mod|ulaman_mod|damage|elemental|lightning|attack,weapon|default|ulaman_mod,,,Desecrated,,https://cdn.poe2db.tw/cache2/us/Poe_Data_Mods_hover/0f24d7bd9f918be6784b1b28d98ad8d8db2ac687204da01beb89c91c751d1464
Bows,Bows,desecrated,Ulaman's,65,1,ProjectileDamage,,Projectiles deal (60 - 79) % increased Damage with Hits against Enemies further than 6m,ulaman,unveiled_mod|ulaman_mod,bow|spear|default|ulaman_mod,,,Desecrated,,https://cdn.poe2db.tw/cache2/us/Poe_Data_Mods_hover/7672a63af0303931d97d20ab0068e1fd798613e6aeef221888b1417b2e40306c
Bows,Bows,essence,Lesser Essence of Abrasion,8,1,PhysicalDamage,0,Adds (4 - 6) to (7 - 11) Physical Damage,Damage|Physical|Attack,physical_damage|damage|physical|attack,bow|one_hand_weapon|default,,LocalAddedPhysicalDamage2,essence,0,
Bows,Bows,essence,Lesser Essence of Flames,8,1,FireDamage,0,Adds (4 - 6) to (7 - 10) Fire Damage,Damage|Elemental|Fire|Attack,elemental_damage|damage|elemental|fire|attack,bow|two_hand_weapon|sword|axe|mace|spear|claw|dagger|flail|default,,LocalAddedFireDamage2,essence,0,
Bows,Bows,essence,Lesser Essence of Ice,8,1,ColdDamage,0,Adds (3 - 5) to (6 - 9) Cold Damage,Damage|Elemental|Cold|Attack,elemental_damage|damage|elemental|cold|attack,bow|two_hand_weapon|sword|axe|mace|spear|claw|dagger|flail|default,,LocalAddedColdDamage2,essence,0,
Bows,Bows,essence,Lesser Essence of Electricity,8,1,LightningDamage,0,Adds 1 to (13 - 19) Lightning Damage,Damage|Elemental|Lightning|Attack,elemental_damage|damage|elemental|lightning|attack,bow|two_hand_weapon|sword|axe|mace|spear|claw|dagger|flail|default,,LocalAddedLightningDamage2,essence,0,
Bows,Bows,essence,Lesser Essence of Battle,18,1,IncreasedAccuracy,0,+(61 - 84) to Accuracy Rating,Attack,attack,weapon|default,,LocalIncreasedAccuracy3,essence,0,
Bows,Bows,essence,Lesser Essence of Haste,11,2,IncreasedAttackSpeed,0,(8 - 10) % increased Attack Speed,Attack|Speed,attack|speed,weapon|default,,LocalIncreasedAttackSpeed2,essence,0,
Bows,Bows,essence,Lesser Essence of the Infinite,11,2,Strength,0,"+(9 - 12) to Strength , Dexterity or Intelligence",Attribute,attribute,ring|amulet|belt|str_armour|str_dex_armour|str_int_armour|str_dex_int_armour|mace|axe|sword|spear|flail|crossbow|sceptre|talisman|default,,Strength2,essence,0,
Bows,Bows,essence,Lesser Essence of the Infinite,11,2,Dexterity,0,"+(9 - 12) to Strength , Dexterity or Intelligence",Attribute,attribute,ring|amulet|gloves|quiver|dex_armour|dex_int_armour|str_dex_armour|str_dex_int_armour|sword|spear|claw|warstaff|dagger|bow|crossbow|trap|default,,Dexterity2,essence,0,
Bows,Bows,essence,Lesser Essence of the Infinite,11,2,Intelligence,0,"+(9 - 12) to Strength , Dexterity or Intelligence",Attribute,attribute,ring|amulet|helmet|int_armour|str_int_armour|dex_int_armour|str_dex_int_armour|dagger|warstaff|flail|wand|staff|sceptre|trap|talisman|default,,Intelligence2,essence,0,
Bows,Bows,essence,Essence of Abrasion,46,1,PhysicalDamage,0,Adds (10 - 15) to (18 - 26) Physical Damage,Damage|Physical|Attack,physical_damage|damage|physical|attack,bow|one_hand_weapon|default,,LocalAddedPhysicalDamage5,essence,0,
Bows,Bows,essence,Essence of Flames,46,1,FireDamage,0,Adds (20 - 24) to (32 - 37) Fire Damage,Damage|Elemental|Fire|Attack,elemental_damage|damage|elemental|fire|attack,bow|two_hand_weapon|sword|axe|mace|spear|claw|dagger|flail|default,,LocalAddedFireDamage5,essence,0,
Bows,Bows,essence,Essence of Ice,46,1,ColdDamage,0,Adds (17 - 20) to (26 - 32) Cold Damage,Damage|Elemental|Cold|Attack,elemental_damage|damage|elemental|cold|attack,bow|two_hand_weapon|sword|axe|mace|spear|claw|dagger|flail|default,,LocalAddedColdDamage5,essence,0,
Bows,Bows,essence,Essence of Electricity,46,1,LightningDamage,0,Adds (1 - 3) to (55 - 60) Lightning Damage,Damage|Elemental|Lightning|Attack,elemental_damage|damage|elemental|lightning|attack,bow|two_hand_weapon|sword|axe|mace|spear|claw|dagger|flail|default,,LocalAddedLightningDamage5,essence,0,
Bows,Bows,essence,Essence of Battle,36,1,IncreasedAccuracy,0,+(124 - 167) to Accuracy Rating,Attack,attack,weapon|default,,LocalIncreasedAccuracy5,essence,0,
Bows,Bows,essence,Essence of Haste,22,2,IncreasedAttackSpeed,0,(11 - 13) % increased Attack Speed,Attack|Speed,attack|speed,weapon|default,,LocalIncreasedAttackSpeed3,essence,0,
Bows,Bows,essence,Essence of the Infinite,33,2,Strength,0,"+(17 - 20) to Strength , Dexterity or Intelligence",Attribute,attribute,ring|amulet|belt|str_armour|str_dex_armour|str_int_armour|str_dex_int_armour|mace|axe|sword|spear|flail|crossbow|sceptre|talisman|default,,Strength4,essence,0,
Bows,Bows,essence,Essence of the Infinite,33,2,Dexterity,0,"+(17 - 20) to Strength , Dexterity or Intelligence",Attribute,attribute,ring|amulet|gloves|quiver|dex_armour|dex_int_armour|str_dex_armour|str_dex_int_armour|sword|spear|claw|warstaff|dagger|bow|crossbow|trap|default,,Dexterity4,essence,0,
Bows,Bows,essence,Essence of the Infinite,33,2,Intelligence,0,"+(17 - 20) to Strength , Dexterity or Intelligence",Attribute,attribute,ring|amulet|helmet|int_armour|str_int_armour|dex_int_armour|str_dex_int_armour|dagger|warstaff|flail|wand|staff|sceptre|trap|talisman|default,,Intelligence4,essence,0,
Bows,Bows,essence,Greater Essence of Abrasion,60,1,PhysicalDamage,0,Adds (16 - 24) to (28 - 42) Physical Damage,Damage|Physical|Attack,physical_damage|damage|physical|attack,bow|one_hand_weapon|default,,LocalAddedPhysicalDamage7,essence,0,
Bows,Bows,essence,Greater Essence of Flames,60,1,FireDamage,0,Adds (35 - 44) to (56 - 71) Fire Damage,Damage|Elemental|Fire|Attack,elemental_damage|damage|elemental|fire|attack,bow|two_hand_weapon|sword|axe|mace|spear|claw|dagger|flail|default,,LocalAddedFireDamage7,essence,0,
Bows,Bows,essence,Greater Essence of Ice,60,1,ColdDamage,0,Adds (31 - 38) to (47 - 59) Cold Damage,Damage|Elemental|Cold|Attack,elemental_damage|damage|elemental|cold|attack,bow|two_hand_weapon|sword|axe|mace|spear|claw|dagger|flail|default,,LocalAddedColdDamage7,essence,0,
Bows,Bows,essence,Greater Essence of Electricity,60,1,LightningDamage,0,Adds (1 - 6) to (85 - 107) Lightning Damage,Damage|Elemental|Lightning|Attack,elemental_damage|damage|elemental|lightning|attack,bow|two_hand_weapon|sword|axe|mace|spear|claw|dagger|flail|default,,LocalAddedLightningDamage7,essence,0,
Bows,Bows,essence,Greater Essence of Battle,58,1,IncreasedAccuracy,0,+(237 - 346) to Accuracy Rating,Attack,attack,weapon|default,,LocalIncreasedAccuracy7,essence,0,
Bows,Bows,essence,Greater Essence of Battle,58,1,IncreasedAccuracy,0,+(237 - 346) to Accuracy Rating,Attack,attack,gloves|helmet|ring|amulet|quiver|default,,IncreasedAccuracy7,essence,0,
Bows,Bows,essence,Greater Essence of Haste,30,2,IncreasedAttackSpeed,0,(14 - 16) % increased Attack Speed,Attack|Speed,attack|speed,ranged|weapon|default,,LocalIncreasedAttackSpeed4,essence,0,
Bows,Bows,essence,Greater Essence of the Infinite,55,2,Strength,0,"+(25 - 27) to Strength , Dexterity or Intelligence",Attribute,attribute,ring|amulet|belt|str_armour|str_dex_armour|str_int_armour|str_dex_int_armour|mace|axe|sword|spear|flail|crossbow|sceptre|talisman|default,,Strength6,essence,0,
Bows,Bows,essence,Greater Essence of the Infinite,55,2,Dexterity,0,"+(25 - 27) to Strength , Dexterity or Intelligence",Attribute,attribute,ring|amulet|gloves|quiver|dex_armour|dex_int_armour|str_dex_armour|str_dex_int_armour|sword|spear|claw|warstaff|dagger|bow|crossbow|trap|default,,Dexterity6,essence,0,
Bows,Bows,essence,Greater Essence of the Infinite,55,2,Intelligence,0,"+(25 - 27) to Strength , Dexterity or Intelligence",Attribute,attribute,ring|amulet|helmet|int_armour|str_int_armour|dex_int_armour|str_dex_int_armour|dagger|warstaff|flail|wand|staff|sceptre|trap|talisman|default,,Intelligence6,essence,0,
Bows,Bows,essence,Lesser Essence of Seeking,20,2,CriticalStrikeChanceIncrease,0,+(1.51 - 2.1) % to Critical Hit Chance,Attack|Critical,attack|critical,weapon|default,,LocalCriticalStrikeChance2,essence,0,
Bows,Bows,essence,Essence of Seeking,30,2,CriticalStrikeChanceIncrease,0,+(2.11 - 2.7) % to Critical Hit Chance,Attack|Critical,attack|critical,weapon|default,,LocalCriticalStrikeChance3,essence,0,
Bows,Bows,essence,Greater Essence of Seeking,44,2,CriticalStrikeChanceIncrease,0,+(3.11 - 3.8) % to Critical Hit Chance,Attack|Critical,attack|critical,weapon|default,,LocalCriticalStrikeChance4,essence,0,
Bows,Bows,essence,Essence of the Abyss,1,1,EssenceAbyss,0,Mark of the Abyssal Lord,,,default,,EssenceAbyssPrefix,essence,0,
Bows,Bows,essence,Essence of the Abyss,1,2,EssenceAbyss,0,Mark of the Abyssal Lord,,,default,,EssenceAbyssSuffix,essence,0,
Bows,Bows,essence,Protective Alloy,25,2,BaseRunicWard,0,+(51 - 74) to maximum Runic Ward,,runic_ward,default,,AlloyMaximumRunicWardWeapon1,essence,0,
Bows,Bows,essence,Prismatic Alloy,45,2,AilmentEffect,0,(20 - 30) % increased Magnitude of Ailments you inflict,Damage|Ailment,damage|ailment,default,,AlloyAilmentMagnitude1,essence,0,
Bows,Bows,essence,Sovereign Alloy,65,2,SoulCore,0,(20 - 30) % increased effect of Socketed Augment Items,,,default,,AlloyEffectOfSocketedAugments1,essence,0,
Bows,Bows,essence,Celestial Alloy,65,1,IncreasedAccuracy,0,+(327 - 427) to Accuracy Rating (5 - 8) % increased Attack Speed,,,default,,AlloyAccuracyAttackSpeedHybrid1,essence,0,
Bows,Bows,essence,Transcendent Alloy,65,2,Strength|Dexterity|Intelligence,0,(15 - 20) % increased Physical Damage +(7 - 10) to all Attributes,,,default,,AlloyAttributeIncreasedLocalPhysicalDamageHybrid1,essence,0,
Bows,Bows,essence,The Runebinder's Alloy,65,2,CurseEffectiveness,0,(40 - 50) % increased Effect of your Mark Skills,,,default,,AlloyMarkEffect,essence,0,
Bows,Bows,perfect_essence,Perfect Essence of Abrasion,72,1,MartialWeaponGainedDamage,0,Gain (15 - 20) % of Damage as Extra Physical Damage,Damage|Physical,physical_damage|damage|physical,default,,EssenceDamageasExtraPhysical1,essence,1,
Bows,Bows,perfect_essence,Perfect Essence of Flames,72,1,MartialWeaponGainedDamage,0,Gain (15 - 20) % of Damage as Extra Fire Damage,Damage|Elemental|Fire,elemental_damage|damage|elemental|fire,default,,EssenceDamageasExtraFire1,essence,1,
Bows,Bows,perfect_essence,Perfect Essence of Ice,72,1,MartialWeaponGainedDamage,0,Gain (15 - 20) % of Damage as Extra Cold Damage,Damage|Elemental|Cold,elemental_damage|damage|elemental|cold,default,,EssenceDamageasExtraCold1,essence,1,
Bows,Bows,perfect_essence,Perfect Essence of Electricity,72,1,MartialWeaponGainedDamage,0,Gain (15 - 20) % of Damage as Extra Lightning Damage,Damage|Elemental|Lightning,elemental_damage|damage|elemental|lightning,default,,EssenceDamageasExtraLightning1,essence,1,
Bows,Bows,perfect_essence,Perfect Essence of Battle,72,2,IncreaseSocketedGemLevel,0,+2 to Level of all Attack Skills,Attack,attack,default,,EssenceAttackSkillLevel1H1,essence,1,
Bows,Bows,perfect_essence,Perfect Essence of Haste,72,2,Onslaught,0,(20 - 25) % chance to gain Onslaught on Killing Hits with this Weapon,Speed,speed,default,,EssenceOnslaughtonKill1,essence,1,
Bows,Bows,socketable,Lesser Desert Rune,1,0,DesertRune,0,Adds 4 to 6 Fire Damage,,,,,,socketable,,
Bows,Bows,socketable,Desert Rune,1,0,DesertRune,0,Adds 7 to 11 Fire Damage,,,,,,socketable,,
Bows,Bows,socketable,Greater Desert Rune,1,0,DesertRune,0,Adds 13 to 16 Fire Damage,,,,,,socketable,,
Bows,Bows,socketable,Perfect Desert Rune,1,0,PerfectDesertRune,0,Adds 17 to 20 Fire Damage,,,,,,socketable,,
Bows,Bows,socketable,Lesser Glacial Rune,1,0,GlacialRune,0,Adds 3 to 5 Cold Damage,,,,,,socketable,,
Bows,Bows,socketable,Glacial Rune,1,0,GlacialRune,0,Adds 6 to 10 Cold Damage,,,,,,socketable,,
Bows,Bows,socketable,Greater Glacial Rune,1,0,GlacialRune,0,Adds 9 to 15 Cold Damage,,,,,,socketable,,
Bows,Bows,socketable,Perfect Glacial Rune,1,0,PerfectGlacialRune,0,Adds 16 to 20 Cold Damage,,,,,,socketable,,
Bows,Bows,socketable,Lesser Storm Rune,1,0,StormRune,0,Adds 1 to 10 Lightning Damage,,,,,,socketable,,
Bows,Bows,socketable,Storm Rune,1,0,StormRune,0,Adds 1 to 20 Lightning Damage,,,,,,socketable,,
Bows,Bows,socketable,Greater Storm Rune,1,0,StormRune,0,Adds 1 to 30 Lightning Damage,,,,,,socketable,,
Bows,Bows,socketable,Perfect Storm Rune,1,0,PerfectStormRune,0,Adds 1 to 40 Lightning Damage,,,,,,socketable,,
Bows,Bows,socketable,Lesser Iron Rune,1,0,IronRune,0,14 % increased Physical Damage,,,,,,socketable,,
Bows,Bows,socketable,Iron Rune,1,0,IronRune,0,16 % increased Physical Damage,,,,,,socketable,,
Bows,Bows,socketable,Greater Iron Rune,1,0,IronRune,0,18 % increased Physical Damage,,,,,,socketable,,
Bows,Bows,socketable,Perfect Iron Rune,1,0,PerfectIronRune,0,20 % increased Physical Damage,,,,,,socketable,,
Bows,Bows,socketable,Lesser Body Rune,1,0,BodyRune,0,Leeches 3 % of Physical Damage as Life,,,,,,socketable,,
Bows,Bows,socketable,Body Rune,1,0,BodyRune,0,Leeches 4 % of Physical Damage as Life,,,,,,socketable,,
Bows,Bows,socketable,Greater Body Rune,1,0,BodyRune,0,Leeches 5 % of Physical Damage as Life,,,,,,socketable,,
Bows,Bows,socketable,Perfect Body Rune,1,0,PerfectBodyRune,0,Leeches 6 % of Physical Damage as Life,,,,,,socketable,,
Bows,Bows,socketable,Lesser Mind Rune,1,0,MindRune,0,Leeches 2 % of Physical Damage as Mana,,,,,,socketable,,
Bows,Bows,socketable,Mind Rune,1,0,MindRune,0,Leeches 3 % of Physical Damage as Mana,,,,,,socketable,,
Bows,Bows,socketable,Greater Mind Rune,1,0,MindRune,0,Leeches 4 % of Physical Damage as Mana,,,,,,socketable,,
Bows,Bows,socketable,Perfect Mind Rune,1,0,PerfectMindRune,0,Leeches 5 % of Physical Damage as Mana,,,,,,socketable,,
Bows,Bows,socketable,Lesser Rebirth Rune,1,0,RebirthRune,0,Gain 15 Life per enemy killed,,,,,,socketable,,
Bows,Bows,socketable,Rebirth Rune,1,0,RebirthRune,0,Gain 25 Life per enemy killed,,,,,,socketable,,
Bows,Bows,socketable,Greater Rebirth Rune,1,0,RebirthRune,0,Gain 35 Life per enemy killed,,,,,,socketable,,
Bows,Bows,socketable,Perfect Rebirth Rune,1,0,PerfectRebirthRune,0,Gain 45 Life per enemy killed,,,,,,socketable,,
Bows,Bows,socketable,Lesser Inspiration Rune,1,0,InspirationRune,0,Gain 10 Mana per enemy killed,,,,,,socketable,,
Bows,Bows,socketable,Inspiration Rune,1,0,InspirationRune,0,Gain 20 Mana per enemy killed,,,,,,socketable,,
Bows,Bows,socketable,Greater Inspiration Rune,1,0,InspirationRune,0,Gain 30 Mana per enemy killed,,,,,,socketable,,
Bows,Bows,socketable,Perfect Inspiration Rune,1,0,PerfectInspirationRune,0,Gain 40 Mana per enemy killed,,,,,,socketable,,
Bows,Bows,socketable,Lesser Stone Rune,1,0,StoneRune,0,Causes 20 % increased Stun Buildup,,,,,,socketable,,
Bows,Bows,socketable,Stone Rune,1,0,StoneRune,0,Causes 30 % increased Stun Buildup,,,,,,socketable,,
Bows,Bows,socketable,Greater Stone Rune,1,0,StoneRune,0,Causes 40 % increased Stun Buildup,,,,,,socketable,,
Bows,Bows,socketable,Perfect Stone Rune,1,0,PerfectStoneRune,0,Causes 50 % increased Stun Buildup,,,,,,socketable,,
Bows,Bows,socketable,Lesser Vision Rune,1,0,VisionRune,0,+60 to Accuracy Rating,,,,,,socketable,,
Bows,Bows,socketable,Vision Rune,1,0,VisionRune,0,+90 to Accuracy Rating,,,,,,socketable,,
Bows,Bows,socketable,Greater Vision Rune,1,0,VisionRune,0,+120 to Accuracy Rating,,,,,,socketable,,
Bows,Bows,socketable,Perfect Vision Rune,1,0,PerfectVisionRune,0,+150 to Accuracy Rating,,,,,,socketable,,
Bows,Bows,socketable,Soul Core of Tacati,1,0,SoulCoreofTacati,0,15 % chance to Poison on Hit with this weapon,,,,,,socketable,,
Bows,Bows,socketable,Soul Core of Opiloti,1,0,SoulCoreofOpiloti,0,15 % chance to cause Bleeding on Hit,,,,,,socketable,,
Bows,Bows,socketable,Soul Core of Jiquani,1,0,SoulCoreofJiquani,0,Recover 2 % of maximum Life on Kill,,,,,,socketable,,
Bows,Bows,socketable,Soul Core of Zalatl,1,0,SoulCoreofZalatl,0,Recover 2 % of maximum Mana on Kill,,,,,,socketable,,
Bows,Bows,socketable,Soul Core of Citaqualotl,1,0,SoulCoreofCitaqualotl,0,30 % increased Elemental Damage with Attacks,,,,,,socketable,,
Bows,Bows,socketable,Soul Core of Puhuarte,1,0,SoulCoreofPuhuarte,0,30 % increased Flammability Magnitude,,,,,,socketable,,
Bows,Bows,socketable,Soul Core of Tzamoto,1,0,SoulCoreofTzamoto,0,30 % increased Freeze Buildup,,,,,,socketable,,
Bows,Bows,socketable,Soul Core of Xopec,1,0,SoulCoreofXopec,0,30 % increased chance to Shock,,,,,,socketable,,
Bows,Bows,socketable,Soul Core of Azcapa,1,0,SoulCoreofAzcapa,0,+15 to Spirit,,,,,,socketable,,
Bows,Bows,socketable,Soul Core of Topotante,1,0,SoulCoreofTopotante,0,Attacks with this Weapon Penetrate 15 % Elemental Resistances,,,,,,socketable,,
Bows,Bows,socketable,Soul Core of Quipolatl,1,0,SoulCoreofQuipolatl,0,5 % increased Attack Speed,,,,,,socketable,,
Bows,Bows,socketable,Soul Core of Ticaba,1,0,SoulCoreofTicaba,0,+5 % to Critical Damage Bonus,,,,,,socketable,,
Bows,Bows,socketable,Soul Core of Atmohua,1,0,SoulCoreofAtmohua,0,Convert 20 % of Requirements to Strength,,,,,,socketable,,
Bows,Bows,socketable,Soul Core of Cholotl,1,0,SoulCoreofCholotl,0,Convert 20 % of Requirements to Dexterity,,,,,,socketable,,
Bows,Bows,socketable,Soul Core of Zantipi,1,0,SoulCoreofZantipi,0,Convert 20 % of Requirements to Intelligence,,,,,,socketable,,
Bows,Bows,socketable,Greater Rune of Leadership,1,0,RuneofLeadership,0,Minions gain 10 % of their Physical Damage as Extra Lightning Damage,,,,,,socketable,,
Bows,Bows,socketable,Greater Rune of Tithing,1,0,RuneofTithing,0,Meta Skills gain 10 % increased Energy,,,,,,socketable,,
Bows,Bows,socketable,Greater Rune of Alacrity,1,0,RuneofAlacrity,0,8 % increased Skill Speed,,,,,,socketable,,
Bows,Bows,socketable,Greater Rune of Nobility,1,0,RuneofNobility,0,Attacks with this Weapon have 10 % chance to inflict Exposure,,,,,,socketable,,
Bows,Bows,socketable,Lesser Robust Rune,1,0,RobustRune,0,+6 to Strength,,,,,,socketable,,
Bows,Bows,socketable,Robust Rune,1,0,RobustRune,0,+9 to Strength,,,,,,socketable,,
Bows,Bows,socketable,Greater Robust Rune,1,0,RobustRune,0,+12 to Strength,,,,,,socketable,,
Bows,Bows,socketable,Perfect Robust Rune,1,0,PerfectRobustRune,0,+15 to Strength,,,,,,socketable,,
Bows,Bows,socketable,Lesser Adept Rune,1,0,AdeptRune,0,+6 to Dexterity,,,,,,socketable,,
Bows,Bows,socketable,Adept Rune,1,0,AdeptRune,0,+9 to Dexterity,,,,,,socketable,,
Bows,Bows,socketable,Greater Adept Rune,1,0,AdeptRune,0,+12 to Dexterity,,,,,,socketable,,
Bows,Bows,socketable,Perfect Adept Rune,1,0,PerfectAdeptRune,0,+15 to Dexterity,,,,,,socketable,,
Bows,Bows,socketable,Lesser Resolve Rune,1,0,ResolveRune,0,+6 to Intelligence,,,,,,socketable,,
Bows,Bows,socketable,Resolve Rune,1,0,ResolveRune,0,+9 to Intelligence,,,,,,socketable,,
Bows,Bows,socketable,Greater Resolve Rune,1,0,ResolveRune,0,+12 to Intelligence,,,,,,socketable,,
Bows,Bows,socketable,Perfect Resolve Rune,1,0,PerfectResolveRune,0,+15 to Intelligence,,,,,,socketable,,
Bows,Bows,socketable,Lesser Tempered Rune,1,0,TemperedRune,0,Adds 3 to 4 Physical Damage,,,,,,socketable,,
Bows,Bows,socketable,Tempered Rune,1,0,TemperedRune,0,Adds 6 to 9 Physical Damage,,,,,,socketable,,
Bows,Bows,socketable,Greater Tempered Rune,1,0,TemperedRune,0,Adds 9 to 12 Physical Damage,,,,,,socketable,,
Bows,Bows,socketable,Saqawal's Rune of the Sky,1,0,SaqawalsRuneoftheSky,0,Gain 5 % of Damage as Extra Damage of all Elements,,,,,,socketable,,
Bows,Bows,socketable,Fenumus' Rune of Agony,1,0,FenumusRuneofAgony,0,Gain 13 % of Damage as Extra Chaos Damage,,,,,,socketable,,
Bows,Bows,socketable,Farrul's Rune of the Hunt,1,0,FarrulsRuneoftheHunt,0,50 % increased Attack Damage against Rare or Unique Enemies,,,,,,socketable,,
Bows,Bows,socketable,Countess Seske's Rune of Archery,1,0,CountessSeskesRuneofArchery,0,Bow Attacks fire an additional Arrow,,,,,,socketable,,
Bows,Bows,socketable,Thane Myrk's Rune of Summer,1,0,ThaneMyrksRuneofSummer,0,Adds 23 to 34 Fire Damage to Attacks against Ignited Enemies,,,,,,socketable,,
Bows,Bows,socketable,Lady Hestra's Rune of Winter,1,0,LadyHestrasRuneofWinter,0,Adds 19 to 28 Cold Damage against Chilled Enemies,,,,,,socketable,,
Bows,Bows,socketable,Thane Leld's Rune of Spring,1,0,ThaneLeldsRuneofSpring,0,Adds 1 to 60 Lightning Damage against Shocked Enemies,,,,,,socketable,,
Bows,Bows,socketable,Idol of Thruldana,1,0,IdolofThruldana,0,25 % reduced Poison Duration Targets can be affected by +1 of your Poisons at the same time,,,,,,socketable,,
Bows,Bows,socketable,Opiloti's Soul Core of Assault,1,0,OpilotisSoulCoreofAssault,0,50 % chance when you gain a Frenzy Charge to gain an additional Frenzy Charge,,,,,,socketable,,
Bows,Bows,socketable,Guatelitzi's Soul Core of Endurance,1,0,GuatelitzisSoulCoreofEndurance,0,50 % chance when you gain an Endurance Charge to gain an additional Endurance Charge,,,,,,socketable,,
Bows,Bows,socketable,Xopec's Soul Core of Power,1,0,XopecsSoulCoreofPower,0,50 % chance when you gain a Power Charge to gain an additional Power Charge,,,,,,socketable,,
Bows,Bows,socketable,Cholotl's Soul Core of War,1,0,CholotlsSoulCoreofWar,0,20 % increased Projectile Speed,,,,,,socketable,,
Bows,Bows,socketable,Citaqualotl's Soul Core of Foulness,1,0,CitaqualotlsSoulCoreofFoulness,0,Adds 19 to 29 Chaos damage,,,,,,socketable,,
Bows,Bows,socketable,Masterwork Rune,1,0,MasterworkRune,0,Upgrades a socketed Rune,,,,,,socketable,,
Bows,Bows,socketable,Warding Rune of Disintegration,1,0,WardingRuneofDisintegration,0,Break Armour equal to 15 % of maximum Runic Ward,,,,,,socketable,,
Bows,Bows,socketable,Warding Rune of Annihilation,1,0,WardingRuneofAnnihilation,0,Attacks spend 5 % of your maximum Runic Ward if possible to gain that much added Physical damage,,,,,,socketable,,
Bows,Bows,socketable,Warding Rune of Armature,1,0,WardingRuneofArmature,0,Gain maximum Runic Ward equal to 15 % of this Weapon's maximum damage,,,,,,socketable,,
Bows,Bows,socketable,Ancient Rune of Splinters,1,0,AncientRuneofSplinters,0,+50 % Surpassing chance to fire an additional Arrow,,,,,,socketable,,
Bows,Bows,socketable,Rune of Accumulation,1,0,RuneofAccumulation,0,"On Hitting an enemy, gains maximum added Cold damage equal to the enemy's Power for 20 seconds, up to a total of 32",,,,,,socketable,,
Bows,Bows,socketable,Serle's Triumph,1,0,SerlesTriumph,0,+1 Suffix Modifier allowed local maximum mods allowed + [1],,,,,,socketable,,
Bows,Bows,socketable,Astrid's Creativity,1,0,AstridsCreativity,0,Can have 1 additional Crafted Modifier,,,,,,socketable,,
Bows,Bows,socketable,Aldur's Legacy,1,0,AldursLegacy,0,"When socketed into a Unique Kalguuran or Ezomyte item, destroys the item to create a Rune imbued with that item's power",,,,,,socketable,,
Bows,Bows,socketable,Legacy of Quill Rain,1,0,LegacyofQuillRain,0,50 % increased Attack Speed 20 % less Attack Damage,,,,,,socketable,,
Bows,Bows,socketable,Legacy of Ironbound,1,0,LegacyofIronbound,0,Hits with this weapon have 1 to 3 Added Physical Damage per 1% Block Chance,,,,,,socketable,,
Bows,Bows,bonded,Lesser Desert Rune,1,0,DesertRune,0,30 % increased Ignite Magnitude,,,,,,socketable,,
Bows,Bows,bonded,Desert Rune,1,0,DesertRune,0,30 % increased Ignite Magnitude,,,,,,socketable,,
Bows,Bows,bonded,Greater Desert Rune,1,0,DesertRune,0,30 % increased Ignite Magnitude,,,,,,socketable,,
Bows,Bows,bonded,Perfect Desert Rune,1,0,PerfectDesertRune,0,30 % increased Ignite Magnitude,,,,,,socketable,,
Bows,Bows,bonded,Lesser Glacial Rune,1,0,GlacialRune,0,30 % increased Freeze Buildup,,,,,,socketable,,
Bows,Bows,bonded,Glacial Rune,1,0,GlacialRune,0,30 % increased Freeze Buildup,,,,,,socketable,,
Bows,Bows,bonded,Greater Glacial Rune,1,0,GlacialRune,0,30 % increased Freeze Buildup,,,,,,socketable,,
Bows,Bows,bonded,Perfect Glacial Rune,1,0,PerfectGlacialRune,0,30 % increased Freeze Buildup,,,,,,socketable,,
Bows,Bows,bonded,Lesser Storm Rune,1,0,StormRune,0,30 % increased Magnitude of Shock you inflict,,,,,,socketable,,
Bows,Bows,bonded,Storm Rune,1,0,StormRune,0,30 % increased Magnitude of Shock you inflict,,,,,,socketable,,
Bows,Bows,bonded,Greater Storm Rune,1,0,StormRune,0,30 % increased Magnitude of Shock you inflict,,,,,,socketable,,
Bows,Bows,bonded,Perfect Storm Rune,1,0,PerfectStormRune,0,30 % increased Magnitude of Shock you inflict,,,,,,socketable,,
Bows,Bows,bonded,Lesser Iron Rune,1,0,IronRune,0,20 % increased effect of Fully Broken Armour,,,,,,socketable,,
Bows,Bows,bonded,Iron Rune,1,0,IronRune,0,20 % increased effect of Fully Broken Armour,,,,,,socketable,,
Bows,Bows,bonded,Greater Iron Rune,1,0,IronRune,0,20 % increased effect of Fully Broken Armour,,,,,,socketable,,
Bows,Bows,bonded,Perfect Iron Rune,1,0,PerfectIronRune,0,20 % increased effect of Fully Broken Armour,,,,,,socketable,,
Bows,Bows,bonded,Lesser Body Rune,1,0,BodyRune,0,5 % increased maximum Life,,,,,,socketable,,
Bows,Bows,bonded,Body Rune,1,0,BodyRune,0,5 % increased maximum Life,,,,,,socketable,,
Bows,Bows,bonded,Greater Body Rune,1,0,BodyRune,0,5 % increased maximum Life,,,,,,socketable,,
Bows,Bows,bonded,Perfect Body Rune,1,0,PerfectBodyRune,0,5 % increased maximum Life,,,,,,socketable,,
Bows,Bows,bonded,Lesser Mind Rune,1,0,MindRune,0,5 % increased maximum Mana,,,,,,socketable,,
Bows,Bows,bonded,Mind Rune,1,0,MindRune,0,5 % increased maximum Mana,,,,,,socketable,,
Bows,Bows,bonded,Greater Mind Rune,1,0,MindRune,0,5 % increased maximum Mana,,,,,,socketable,,
Bows,Bows,bonded,Perfect Mind Rune,1,0,PerfectMindRune,0,5 % increased maximum Mana,,,,,,socketable,,
Bows,Bows,bonded,Lesser Rebirth Rune,1,0,RebirthRune,0,Regenerate 0.4 % of maximum Life per second,,,,,,socketable,,
Bows,Bows,bonded,Rebirth Rune,1,0,RebirthRune,0,Regenerate 0.4 % of maximum Life per second,,,,,,socketable,,
Bows,Bows,bonded,Greater Rebirth Rune,1,0,RebirthRune,0,Regenerate 0.4 % of maximum Life per second,,,,,,socketable,,
Bows,Bows,bonded,Perfect Rebirth Rune,1,0,PerfectRebirthRune,0,Regenerate 0.4 % of maximum Life per second,,,,,,socketable,,
Bows,Bows,bonded,Lesser Inspiration Rune,1,0,InspirationRune,0,12 % of Skill Mana Costs Converted to Life Costs,,,,,,socketable,,
Bows,Bows,bonded,Inspiration Rune,1,0,InspirationRune,0,12 % of Skill Mana Costs Converted to Life Costs,,,,,,socketable,,
Bows,Bows,bonded,Greater Inspiration Rune,1,0,InspirationRune,0,12 % of Skill Mana Costs Converted to Life Costs,,,,,,socketable,,
Bows,Bows,bonded,Perfect Inspiration Rune,1,0,PerfectInspirationRune,0,12 % of Skill Mana Costs Converted to Life Costs,,,,,,socketable,,
Bows,Bows,bonded,Lesser Stone Rune,1,0,StoneRune,0,40 % increased Damage against Immobilised Enemies,,,,,,socketable,,
Bows,Bows,bonded,Stone Rune,1,0,StoneRune,0,40 % increased Damage against Immobilised Enemies,,,,,,socketable,,
Bows,Bows,bonded,Greater Stone Rune,1,0,StoneRune,0,40 % increased Damage against Immobilised Enemies,,,,,,socketable,,
Bows,Bows,bonded,Perfect Stone Rune,1,0,PerfectStoneRune,0,40 % increased Damage against Immobilised Enemies,,,,,,socketable,,
Bows,Bows,bonded,Lesser Vision Rune,1,0,VisionRune,0,Attacks have +1 % to Critical Hit Chance,,,,,,socketable,,
Bows,Bows,bonded,Vision Rune,1,0,VisionRune,0,Attacks have +1 % to Critical Hit Chance,,,,,,socketable,,
Bows,Bows,bonded,Greater Vision Rune,1,0,VisionRune,0,Attacks have +1 % to Critical Hit Chance,,,,,,socketable,,
Bows,Bows,bonded,Perfect Vision Rune,1,0,PerfectVisionRune,0,Attacks have +1 % to Critical Hit Chance,,,,,,socketable,,
Bows,Bows,bonded,Greater Rune of Leadership,1,0,RuneofLeadership,0,Minions deal 20 % increased Damage,,,,,,socketable,,
Bows,Bows,bonded,Greater Rune of Tithing,1,0,RuneofTithing,0,Invocated Spells have 25 % chance to consume half as much Energy,,,,,,socketable,,
Bows,Bows,bonded,Greater Rune of Alacrity,1,0,RuneofAlacrity,0,15 % increased Reservation Efficiency of Herald Skills,,,,,,socketable,,
Bows,Bows,bonded,Greater Rune of Nobility,1,0,RuneofNobility,0,20 % increased Exposure Effect,,,,,,socketable,,
Bows,Bows,bonded,Lesser Robust Rune,1,0,RobustRune,0,Adds 6 to 10 Physical Damage to Attacks Adds 6 to 10 Fire damage to Attacks,,,,,,socketable,,
Bows,Bows,bonded,Robust Rune,1,0,RobustRune,0,Adds 6 to 10 Physical Damage to Attacks Adds 6 to 10 Fire damage to Attacks,,,,,,socketable,,
Bows,Bows,bonded,Greater Robust Rune,1,0,RobustRune,0,Adds 6 to 10 Physical Damage to Attacks Adds 6 to 10 Fire damage to Attacks,,,,,,socketable,,
Bows,Bows,bonded,Perfect Robust Rune,1,0,PerfectRobustRune,0,Adds 6 to 10 Physical Damage to Attacks Adds 6 to 10 Fire damage to Attacks,,,,,,socketable,,
Bows,Bows,bonded,Lesser Adept Rune,1,0,AdeptRune,0,Adds 6 to 10 Physical Damage to Attacks Adds 1 to 16 Lightning damage to Attacks,,,,,,socketable,,
Bows,Bows,bonded,Adept Rune,1,0,AdeptRune,0,Adds 6 to 10 Physical Damage to Attacks Adds 1 to 16 Lightning damage to Attacks,,,,,,socketable,,
Bows,Bows,bonded,Greater Adept Rune,1,0,AdeptRune,0,Adds 6 to 10 Physical Damage to Attacks Adds 1 to 16 Lightning damage to Attacks,,,,,,socketable,,
Bows,Bows,bonded,Perfect Adept Rune,1,0,PerfectAdeptRune,0,Adds 6 to 10 Physical Damage to Attacks Adds 1 to 16 Lightning damage to Attacks,,,,,,socketable,,
Bows,Bows,bonded,Lesser Resolve Rune,1,0,ResolveRune,0,Adds 6 to 10 Physical Damage to Attacks Adds 5 to 8 Cold damage to Attacks,,,,,,socketable,,
Bows,Bows,bonded,Resolve Rune,1,0,ResolveRune,0,Adds 6 to 10 Physical Damage to Attacks Adds 5 to 8 Cold damage to Attacks,,,,,,socketable,,
Bows,Bows,bonded,Greater Resolve Rune,1,0,ResolveRune,0,Adds 6 to 10 Physical Damage to Attacks Adds 5 to 8 Cold damage to Attacks,,,,,,socketable,,
Bows,Bows,bonded,Perfect Resolve Rune,1,0,PerfectResolveRune,0,Adds 6 to 10 Physical Damage to Attacks Adds 5 to 8 Cold damage to Attacks,,,,,,socketable,,
Bows,Bows,bonded,Saqawal's Rune of the Sky,1,0,SaqawalsRuneoftheSky,0,8 % chance to gain an additional random Charge when you gain a Charge,,,,,,socketable,,
Bows,Bows,bonded,Fenumus' Rune of Agony,1,0,FenumusRuneofAgony,0,Gain 8 % of Damage as Extra Physical Damage,,,,,,socketable,,
Bows,Bows,bonded,Farrul's Rune of the Hunt,1,0,FarrulsRuneoftheHunt,0,+1 to Level of all Attack Skills,,,,,,socketable,,
Bows,Bows,bonded,Countess Seske's Rune of Archery,1,0,CountessSeskesRuneofArchery,0,20 % increased Projectile Speed,,,,,,socketable,,
Bows,Bows,bonded,Thane Myrk's Rune of Summer,1,0,ThaneMyrksRuneofSummer,0,+2 % to Maximum Fire Resistance,,,,,,socketable,,
Bows,Bows,bonded,Lady Hestra's Rune of Winter,1,0,LadyHestrasRuneofWinter,0,+2 % to Maximum Cold Resistance,,,,,,socketable,,
Bows,Bows,bonded,Thane Leld's Rune of Spring,1,0,ThaneLeldsRuneofSpring,0,+2 % to Maximum Lightning Resistance,,,,,,socketable,,
Bows,Bows,bonded,Idol of Thruldana,1,0,IdolofThruldana,0,Gain 13 % of Physical Damage as extra Chaos Damage,,,,,,socketable,,
Bows,Bows,bonded,Warding Rune of Disintegration,1,0,WardingRuneofDisintegration,0,Break 10 % increased Armour,,,,,,socketable,,
Bows,Bows,bonded,Warding Rune of Annihilation,1,0,WardingRuneofAnnihilation,0,10 % reduced Runic Ward Cost Efficiency,,,,,,socketable,,
Bows,Bows,bonded,Warding Rune of Armature,1,0,WardingRuneofArmature,0,5 % increased Attack Speed while missing Runic Ward,,,,,,socketable,,
Bows,Bows,bonded,Ancient Rune of Splinters,1,0,AncientRuneofSplinters,0,30 % increased Projectile Speed,,,,,,socketable,,
Bows,Bows,bonded,Rune of Accumulation,1,0,RuneofAccumulation,0,30 % increased Freeze Buildup,,,,,,socketable,,
Bows,Bows,bonded,Legacy of Quill Rain,1,0,LegacyofQuillRain,0,70 % increased Arrow Speed,,,,,,socketable,,
Bows,Bows,bonded,Legacy of Ironbound,1,0,LegacyofIronbound,0,3 % increased Block chance per 100 total Item Armour on Equipped Armour Items,,,,,,socketable,,
